Keyword,Market,State,City,Volume,CPC,Competition,KD,Intent,Trend,SERP Weakness,Local Intent,Calculator Intent,Opportunity Score,Recommended Page Type
mass save heat pump rebate,Mass Save,MA,,1900,13.85,MEDIUM,2,commercial,down -33%,8,high,low,91.1,utility-rebate
heat pump rebates colorado,Colorado,CO,,320,33.73,MEDIUM,35,commercial,up 129%,4,high,low,86.0,state-rebate
tech clean california heat pump rebate,California,CA,,390,24.66,LOW,24,commercial,down -81%,5,high,low,85.1,state-rebate
mass save heat pump rebate 2026,Mass Save,MA,,140,14.91,MEDIUM,1,commercial,,6,high,low,84.6,utility-rebate
heat pump installer near me,National,,,6600,24.03,LOW,,commercial,down -33%,6,high,low,82.1,local-installer
colorado heat pump rebate,Colorado,CO,,210,20.34,LOW,27,commercial,up 88%,6,high,low,81.6,state-rebate
heat pump contractor,National,,,590,33.02,LOW,14,commercial,up 212%,4,high,low,80.1,local-installer
heat pump rebates massachusetts,Massachusetts,MA,,320,14.39,MEDIUM,,commercial,down -71%,4,high,low,77.8,state-rebate
geothermal heat pump repair,National,,,1600,29.88,LOW,,commercial,up 26%,7,low,low,77.2,related-system
xcel heat pump water heater rebate,Xcel Energy,CO,,70,18.56,LOW,3,commercial,down -64%,6,high,low,75.2,utility-rebate
heat pump installation cost massachusetts,Massachusetts,MA,,50,24.37,MEDIUM,2,informational,down -60%,4,high,medium,75.0,geo-cost
maine heat pump rebate,Maine,ME,,880,8.87,MEDIUM,,commercial,down -33%,6,high,low,74.7,state-rebate
geothermal heat pump ground loop,National,,,260,14.34,MEDIUM,14,transactional,,9,low,low,74.7,related-system
heat pump cost colorado,Colorado,CO,,70,24.75,LOW,2,informational,up 29%,6,high,medium,74.3,geo-cost
duke energy heat pump rebate,Duke Energy,,,140,8.8,LOW,7,commercial,down -48%,4,low,low,74.2,utility-rebate
furnace replacement cost,National,,,14800,9.53,MEDIUM,13,informational,flat -18%,8,low,low,73.1,related-system
mini split installation cost near me,National,,,590,13.91,HIGH,2,commercial,,6,high,low,73.1,local-installer
heat pump installation cost colorado,Colorado,CO,,40,24.89,LOW,,commercial,,4,high,medium,73.1,geo-cost
heat pump balance point calculator,National,,,210,10.35,LOW,,informational,down -29%,6,low,high,72.9,calculator
pool heat pump calculator,National,,,140,2.48,MEDIUM,2,commercial,down -50%,6,low,high,72.9,calculator
xcel energy heat pump water heater rebate,Xcel Energy,CO,,30,29.66,LOW,15,commercial,down -60%,6,high,low,72.4,utility-rebate
ev charger installation cost,National,,,3600,10.54,MEDIUM,7,commercial,down -57%,8,low,low,72.3,related-system
heat pump installation cost,National,,,22200,9.97,LOW,9,informational,down -33%,6,low,medium,72.0,national-cost
denver heat pump rebate,Denver,,Denver,90,19.49,MEDIUM,8,commercial,down -36%,6,high,low,72.0,national-rebate
cost to install ductless mini split air conditioner,National,,,2400,11.73,MEDIUM,7,commercial,down -64%,4,low,low,71.9,mini-split-cost
heat pump capacity calculator,National,,,590,3.04,LOW,4,informational,up 120%,6,low,high,71.7,calculator
ducted heat pump installation cost,National,,,110,21.1,MEDIUM,1,informational,,8,low,medium,71.5,national-cost
heat pump vs gas furnace cost calculator,National,,,50,9.3,MEDIUM,,informational,,8,low,high,71.4,calculator
electric heat pump vs gas furnace,National,,,140,21.07,MEDIUM,6,informational,up 55%,8,low,medium,71.2,comparison
cost to install mini split ac system,National,,,2400,11.73,MEDIUM,12,informational,down -64%,8,low,low,71.0,mini-split-cost
heat pump rebate calculator,National,,,10,14.27,LOW,,informational,down -67%,4,low,high,71.0,calculator
mini split heat pump installation cost,National,,,480,22.99,LOW,,commercial,down -64%,8,low,low,70.9,mini-split-cost
heat pump repair cost,National,,,390,34.36,LOW,,informational,up 179%,8,low,medium,70.4,national-cost
mini split air conditioner installation cost,National,,,2400,11.73,MEDIUM,1,commercial,down -64%,5,low,low,70.1,mini-split-cost
hvac replacement cost,National,,,6600,13.26,HIGH,15,informational,down -33%,8,low,low,70.0,related-system
cost for heat pump and installation,National,,,22200,9.97,LOW,24,informational,down -33%,6,low,medium,69.9,national-cost
heat pump service cost,National,,,90,22.26,MEDIUM,,commercial,,8,low,medium,69.8,national-cost
mini split system installation cost,National,,,2400,11.1,LOW,1,commercial,up 50%,5,low,low,69.7,mini-split-cost
mini split installation labor cost,National,,,30,29.19,MEDIUM,2,commercial,up 25%,5,low,low,69.6,mini-split-cost
heat pump installation cost bay area,National,,,20,38.7,MEDIUM,,commercial,down -67%,9,low,medium,69.6,national-cost
mini split unit installation cost,National,,,140,24.54,MEDIUM,,commercial,flat -19%,8,low,low,69.4,mini-split-cost
heat pump saving calculator,National,,,110,5.4,LOW,8,informational,down -21%,6,low,high,69.2,calculator
mini split installation cost,National,,,12100,9.63,HIGH,,commercial,down -55%,8,low,low,68.9,mini-split-cost
heat pump savings calculator,National,,,110,5.4,LOW,3,informational,down -21%,5,low,high,68.9,calculator
heat pump size calculator,National,,,880,3.96,MEDIUM,2,informational,down -55%,5,low,high,68.8,calculator
5 zone mini split cost,National,,,20,22.91,HIGH,19,commercial,,5,low,low,68.7,mini-split-cost
efficiency maine heat pump rebate forms,Efficiency Maine,ME,,30,22.6,LOW,2,informational,down -25%,6,high,low,68.5,state-rebate
heat pump tune-up cost,National,,,90,29.24,LOW,,informational,down -57%,9,low,medium,68.4,national-cost
swimming pool heat pump calculator,National,,,140,2.48,MEDIUM,5,informational,down -50%,6,low,high,68.3,calculator
heat pump water heater installation cost calculator,National,,,40,,LOW,4,commercial,down -80%,6,low,high,68.1,calculator
heat pump quotes,National,,,50,68,MEDIUM,,informational,,9,high,low,68.0,local-installer
btu heat pump calculator,National,,,110,3.03,MEDIUM,7,informational,down -36%,6,low,high,67.9,calculator
mini split air conditioning system installation cost,National,,,70,27.33,MEDIUM,,commercial,down -76%,4,low,low,67.9,mini-split-cost
heat pump vs gas furnace oregon,Oregon,OR,,10,14.77,MEDIUM,5,commercial,,6,low,medium,67.9,comparison
heat pump rebates maine,Maine,ME,,1000,7.62,,,commercial,down -32%,4,high,low,67.7,state-rebate
seattle city light heat pump rebate,Seattle,,Seattle,70,16.09,MEDIUM,20,commercial,down -50%,6,high,low,67.7,national-rebate
pentair heat pump calculator,National,,,90,,LOW,15,informational,down -57%,6,low,high,67.6,calculator
heat pump ac rebate,National,,,20,20.43,MEDIUM,38,commercial,down -56%,8,low,low,67.5,national-rebate
btu calculator heat pump,National,,,110,2.35,LOW,7,informational,down -50%,6,low,high,67.4,calculator
xcel energy heat pump rebate,Xcel Energy,CO,,480,1.74,MEDIUM,18,commercial,,5,high,low,67.3,utility-rebate
pge heat pump rebate,PG&E,CA,,210,5.47,MEDIUM,7,commercial,,6,high,low,66.9,utility-rebate
sce heat pump rebate,SCE,CA,,110,3.17,LOW,14,commercial,up 86%,6,high,low,66.8,utility-rebate
how much does a 5-ton heat pump cost installed,National,,,50,20.77,HIGH,1,informational,down -64%,5,low,medium,66.7,national-cost
heat pump energy cost calculator,National,,,10,8.4,LOW,49,informational,up 200%,4,low,high,66.7,calculator
heat pump vs furnace calculator,National,,,20,,LOW,1,informational,down -50%,6,low,high,66.6,calculator
central hudson heat pump rebate,National,,,40,13.29,MEDIUM,2,commercial,,5,low,low,66.3,national-rebate
heat pump energy usage calculator,National,,,20,,LOW,3,informational,up 100%,6,low,high,66.3,calculator
natural gas vs heat pump calculator,National,,,20,,LOW,4,informational,,6,low,high,66.2,calculator
eversource heat pump rebate,Eversource,,,210,7.79,MEDIUM,13,commercial,down -46%,8,low,low,66.0,utility-rebate
heat pump water heater calculator,National,,,20,,LOW,5,informational,down -67%,6,low,high,66.0,calculator
heat pump rebates california,California,CA,,320,5.99,MEDIUM,34,commercial,down -33%,4,high,low,65.9,state-rebate
cost to install heat pump and air handler,National,,,260,9.78,HIGH,28,informational,down -77%,8,low,medium,65.8,national-cost
seattle heat pump rebate,Seattle,,Seattle,30,12.59,MEDIUM,7,commercial,down -71%,6,high,low,65.6,national-rebate
mini split ac unit installation cost,National,,,260,12.01,MEDIUM,3,commercial,down -45%,5,low,low,65.5,mini-split-cost
geothermal heat pump installation cost calculator,National,,,170,,LOW,,commercial,down -97%,6,low,high,65.3,calculator
geothermal heat pump cost calculator,National,,,10,,LOW,2,informational,,6,low,high,65.1,calculator
efficiency maine heat pump rebate,Efficiency Maine,ME,,720,7.6,LOW,18,informational,down -38%,6,high,low,65.0,state-rebate
1.5 ton heat pump cost,National,,,50,10.29,HIGH,12,informational,up 100%,8,low,medium,65.0,national-cost
high efficiency heat pump cost,National,,,50,11.45,HIGH,23,commercial,,8,low,medium,64.8,national-cost
heat pump installation cost calculator,National,,,880,6.83,LOW,,informational,up 52%,5,low,high,64.6,calculator
geothermal heat pump commercial,National,,,50,21.32,HIGH,2,navigational,down -43%,6,low,low,64.5,related-system
cost of new heat pump installed,National,,,40,14.42,MEDIUM,7,informational,down -22%,8,low,medium,64.3,national-cost
heat pump vs natural gas cost calculator,National,,,10,,LOW,2,informational,,5,low,high,64.1,calculator
nyserda heat pump rebate,NYSERDA,NY,,110,6.43,MEDIUM,16,commercial,flat -18%,5,high,low,64.0,utility-rebate
pseg li heat pump rebate,PSEG,NJ,,110,2.71,LOW,7,commercial,up 200%,6,high,low,63.9,utility-rebate
electrical panel upgrade cost,National,,,1900,10.31,MEDIUM,6,informational,,5,low,low,63.8,related-system
heat pump vs gas furnace calculator,National,,,170,4.19,LOW,,commercial,down -47%,5,low,high,63.8,calculator
heat pump cost savings calculator,National,,,10,,LOW,4,informational,,5,low,high,63.8,calculator
heat pump replacement cost,National,,,1600,10.01,HIGH,23,informational,up 30%,5,low,medium,63.7,national-cost
mass save commercial heat pump rebate,Mass Save,MA,,70,9.69,MEDIUM,,commercial,up 75%,6,high,low,63.7,utility-rebate
2.5 ton heat pump package unit installed cost,National,,,50,9.94,HIGH,3,commercial,up 29%,5,low,medium,63.7,national-cost
heat pump power consumption calculator,National,,,10,,LOW,12,informational,,6,low,high,63.7,calculator
mini split repair cost,National,,,140,21.87,LOW,,informational,up 56%,8,low,low,63.5,mini-split-cost
mini split system installation cost calculator,National,,,70,,LOW,,commercial,down -82%,6,low,high,63.5,calculator
swimming pool heat pump sizing calculator,National,,,70,1.89,HIGH,2,informational,down -20%,6,low,high,63.3,calculator
heat pump cost calculator,National,,,720,5.37,MEDIUM,,informational,down -28%,5,low,high,63.2,calculator
heat pump tonnage calculator,National,,,70,3.65,MEDIUM,4,informational,down -56%,5,low,high,63.2,calculator
efficiency vermont heat pump rebate,Vermont,VT,,170,2.13,LOW,12,informational,down -58%,6,high,low,63.1,state-rebate
sdge heat pump rebate,National,,,30,15.9,LOW,7,commercial,up 25%,5,low,low,63.1,national-rebate
heat pump vs electric furnace calculator,National,,,10,,LOW,9,informational,,5,low,high,63.1,calculator
mini split a c installation cost,National,,,2400,11.73,MEDIUM,,commercial,down -64%,4,low,low,63.0,mini-split-cost
ductless mini split heat pumps cost,National,,,320,9.65,LOW,13,commercial,up 50%,5,low,low,63.0,mini-split-cost
ma heat pump rebate,National,,,50,11.5,MEDIUM,2,commercial,down -56%,6,low,low,63.0,national-rebate
heat pump cost seattle,Seattle,,Seattle,50,17.36,MEDIUM,,informational,down -43%,6,high,medium,62.9,geo-cost
air source heat pump cost,National,,,720,13.87,MEDIUM,23,informational,down -75%,6,low,low,62.8,related-system
cost to replace heat pump and air handler,National,,,320,11.09,HIGH,4,informational,down -76%,4,low,medium,62.8,national-cost
mini split ac installation cost calculator,National,,,50,,LOW,,commercial,down -86%,6,low,high,62.8,calculator
raypak heat pump calculator,National,,,20,,LOW,29,informational,,6,low,high,62.7,calculator
heat pump ac unit replacement cost,National,,,20,16.17,HIGH,,commercial,,4,low,medium,62.6,national-cost
heat pump rebates new york,New York,NY,New York,20,8.65,,16,commercial,down -50%,4,high,low,62.6,state-rebate
open loop geothermal heat pump,National,,,110,10.38,MEDIUM,,transactional,down -29%,9,low,low,62.5,related-system
heat pump rebates maryland,Maryland,MD,,20,14.54,LOW,,commercial,down -67%,4,high,low,62.3,state-rebate
heat pump for geothermal system,National,,,5400,6.92,MEDIUM,35,transactional,down -33%,6,low,low,62.2,related-system
pseg heat pump rebate,PSEG,NJ,,170,4.52,MEDIUM,,commercial,flat -19%,4,high,low,62.2,utility-rebate
heat pump calculator ton,National,,,90,2.94,MEDIUM,,informational,up 29%,6,low,high,62.1,calculator
heat pump water heater vs gas calculator,National,,,10,,LOW,,informational,,9,low,high,62.1,calculator
heat pump rebates texas,Texas,TX,,10,9.69,LOW,16,commercial,down -50%,4,high,low,62.0,state-rebate
ductless mini split installation cost calculator,National,,,90,3.35,LOW,,commercial,down -93%,5,low,high,61.9,calculator
geothermal heat pump maintenance,National,,,880,8.35,LOW,,commercial,up 30%,7,low,low,61.8,related-system
heat pump seer savings calculator,National,,,40,6.73,MEDIUM,27,informational,down -67%,6,low,high,61.8,calculator
heat pump seer calculator,National,,,10,5.24,LOW,27,informational,down -33%,6,low,high,61.8,calculator
heat pump calculator,National,,,590,3.61,LOW,,informational,down -71%,5,low,high,61.7,calculator
ductless heat pump,National,,,8100,6.35,HIGH,10,transactional,down -45%,5,low,low,61.6,mini-split-cost
heat pump rebates virginia,Virginia,VA,,10,8.62,LOW,14,commercial,down -67%,4,high,low,61.6,state-rebate
heat pump water heater,National,,,40500,2.87,HIGH,11,transactional,flat -18%,4,low,low,61.5,related-system
mini split cost calculator,National,,,170,5.48,MEDIUM,,informational,up 24%,6,low,high,61.4,calculator
heat pump efficiency calculator,National,,,20,,LOW,6,informational,down -67%,5,low,high,61.3,calculator
heat pump vs natural gas furnace calculator,National,,,10,,LOW,,commercial,,4,low,high,61.3,calculator
heat pump comparison calculator,National,,,10,,LOW,,commercial,,4,low,high,61.3,calculator
natural resources canada heat pump calculator,National,,,10,,,,commercial,,4,low,high,61.3,calculator
air source heat pump cost calculator uk,National,,,10,,LOW,,commercial,,4,low,high,61.3,calculator
geothermal ground source heat pump,National,,,9900,3.89,HIGH,37,transactional,flat -19%,6,low,low,61.2,related-system
heat pump hot water cost,National,,,1300,4.34,HIGH,4,informational,down -23%,8,low,medium,60.9,national-cost
heat pump air conditioner installation cost,National,,,70,9.11,MEDIUM,,commercial,up 80%,8,low,medium,60.9,national-cost
heat pump heating cost,National,,,5400,7.77,HIGH,1,informational,down -33%,6,low,medium,60.8,national-cost
heat pump rebates seattle,Seattle,,Seattle,10,14.27,MEDIUM,,commercial,,4,high,low,60.8,national-rebate
hvac heat pump replacement cost,National,,,70,11.01,HIGH,4,informational,,5,low,medium,60.7,national-cost
electric heat pump cost,National,,,260,6.83,HIGH,24,commercial,,8,low,medium,60.6,national-cost
pepco heat pump rebate,National,,,30,12.87,MEDIUM,18,commercial,,6,low,low,60.6,national-rebate
heat pump size calculator by square footage,National,,,10,5.78,LOW,5,informational,,5,low,high,60.6,calculator
geothermal heat pump for air conditioning,National,,,1300,7.41,MEDIUM,17,transactional,up 21%,8,low,low,60.5,related-system
geothermal heat pump water heater,National,,,590,2.75,MEDIUM,10,transactional,flat -19%,8,low,low,60.5,related-system
cost of installing heat pump system,National,,,90,8.06,HIGH,24,informational,up 143%,9,low,medium,60.5,national-cost
pepco heat pump water heater rebate,National,,,20,17.29,MEDIUM,,commercial,,4,low,low,60.5,national-rebate
mini split recharge cost,National,,,50,38.08,MEDIUM,,informational,down -22%,5,low,low,60.4,mini-split-cost
heat pump water heater savings calculator,National,,,20,,LOW,,informational,up 100%,6,low,high,60.4,calculator
heat pump vs gas calculator,National,,,20,,LOW,,informational,down -33%,6,low,high,60.4,calculator
pool heat pump cost calculator,National,,,20,,HIGH,,informational,down -50%,6,low,high,60.4,calculator
heat pump operating cost calculator,National,,,20,,LOW,,informational,up 100%,6,low,high,60.4,calculator
cost to replace gas furnace with heat pump,National,,,40,15.72,MEDIUM,13,informational,,4,low,medium,60.3,national-cost
heat pump geothermal price,National,,,880,7.14,LOW,2,commercial,down -41%,8,low,low,60.0,related-system
average heat pump cost,National,,,70,10.74,HIGH,,commercial,down -36%,6,low,medium,60.0,national-cost
cost for heat pump system,National,,,1000,7.09,HIGH,20,informational,,8,low,medium,59.9,national-cost
mini split heat pump sizing calculator,National,,,50,1.31,MEDIUM,,informational,down -71%,6,low,high,59.9,calculator
heat pump tax credit calculator,National,,,20,,,23,informational,down -100%,6,low,high,59.9,calculator
pool heat pump installation cost,National,,,320,3.79,LOW,1,commercial,down -72%,9,low,medium,59.7,national-cost
cost to replace 2.5 ton heat pump,National,,,140,8.82,HIGH,11,informational,up 27%,5,low,medium,59.7,national-cost
maryland heat pump rebate,Maryland,MD,,50,10.06,MEDIUM,,commercial,down -40%,6,high,low,59.7,state-rebate
heat pump vs furnace colorado,Colorado,CO,,30,21.11,MEDIUM,,informational,down -50%,5,low,medium,59.7,comparison
average cost for heat pump installation,National,,,210,11,HIGH,20,informational,flat -19%,4,low,medium,59.6,national-cost
ductless mini split install cost,National,,,6600,7.95,LOW,9,informational,down -81%,8,low,low,59.4,mini-split-cost
mini split cleaning cost,National,,,90,21.6,MEDIUM,,informational,up 55%,5,low,low,59.4,mini-split-cost
cost of split system heat pump,National,,,50,8.43,HIGH,18,informational,,8,low,medium,59.4,national-cost
heat pump and air handler cost,National,,,70,9.46,HIGH,7,informational,flat -18%,5,low,medium,59.3,national-cost
comed heat pump rebate,ComEd,IL,,210,1.67,LOW,,commercial,down -48%,6,high,low,59.2,utility-rebate
sonoma clean power heat pump rebate,National,,,20,12.17,MEDIUM,,commercial,,6,low,low,59.2,national-rebate
water furnace geothermal heat pump,National,,,260,4.2,MEDIUM,15,transactional,up 50%,8,low,low,59.1,related-system
heat pump electricity usage calculator,National,,,10,,LOW,,informational,down -80%,6,low,high,59.1,calculator
heat pump wattage calculator,National,,,10,,LOW,,informational,,6,low,high,59.1,calculator
ground source heat pump cost calculator,National,,,10,,,,informational,down -100%,6,low,high,59.1,calculator
geothermal heat pump installation near me,National,,,390,7.79,LOW,,commercial,up 177%,7,high,low,58.9,local-installer
geothermal heat pump company,National,,,140,15.87,LOW,13,navigational,up 24%,7,low,low,58.9,related-system
geothermal heat pump near me,National,,,110,5.14,MEDIUM,1,transactional,down -65%,7,high,low,58.9,local-installer
geothermal heat pump calculator,National,,,50,5.47,LOW,,informational,,6,low,high,58.9,calculator
air source heat pump sizing calculator,National,,,10,1.93,MEDIUM,25,informational,,5,low,high,58.9,calculator
geothermal heat pump installation,National,,,9900,6.15,LOW,27,commercial,down -33%,6,low,low,58.8,related-system
cost to install ductless mini split system,National,,,1600,1.61,LOW,1,commercial,down -84%,9,low,low,58.8,mini-split-cost
heat pump savings,National,,,30,11.43,MEDIUM,7,informational,,5,low,medium,58.8,operating-cost
dual zone mini split installation cost,National,,,30,9.4,LOW,1,commercial,up 200%,4,low,low,58.8,mini-split-cost
geothermal heat pump,National,,,9900,3.89,HIGH,15,transactional,flat -19%,4,low,low,58.7,related-system
heat pump cost massachusetts,Massachusetts,MA,,40,13,HIGH,,informational,down -67%,5,high,medium,58.7,geo-cost
hayward heat pump calculator,National,,,20,,LOW,50,informational,down -50%,5,low,high,58.7,calculator
heat pump tax credit,National,,,1900,8.05,LOW,34,informational,down -84%,5,low,low,58.5,national-rebate
waterfurnace geothermal heat pump,National,,,260,6.06,MEDIUM,28,transactional,up 53%,8,low,low,58.5,related-system
heat pump electricity cost calculator,National,,,50,4.8,LOW,,informational,down -80%,6,low,high,58.5,calculator
heat pump electricity consumption calculator,National,,,50,4.8,LOW,,informational,down -80%,6,low,high,58.5,calculator
cost of 2 ton heat pump installed,National,,,140,6.04,MEDIUM,2,commercial,,8,low,medium,58.4,national-cost
heat pump cost maine,Maine,ME,,50,10.34,HIGH,,informational,down -43%,6,high,medium,58.4,geo-cost
cost of a new heat pump,National,,,720,5.24,HIGH,8,commercial,down -28%,6,low,medium,58.3,national-cost
cost to replace 2 ton heat pump,National,,,140,6.04,MEDIUM,5,informational,,9,low,medium,58.3,national-cost
cost to install heat pump and ducts,National,,,110,7.35,MEDIUM,1,informational,down -64%,8,low,medium,58.3,national-cost
heat pump vs mini split cost,National,,,70,9.6,HIGH,,commercial,,5,low,medium,58.2,comparison
cost to install mini split ac,National,,,2400,10.65,MEDIUM,,informational,down -34%,4,low,low,58.1,mini-split-cost
200 amp panel upgrade cost,National,,,390,8.14,MEDIUM,,commercial,up 22%,5,low,low,58.0,related-system
central heat pump cost,National,,,40,12.34,HIGH,21,informational,down -60%,5,low,medium,58.0,national-cost
cost to replace furnace with heat pump,National,,,30,9.56,MEDIUM,12,informational,,6,low,medium,57.9,national-cost
cost of lennox heat pump,National,,,260,3.78,HIGH,9,commercial,,5,low,medium,57.8,national-cost
heat pump vs furnace,National,,,6600,6.5,MEDIUM,13,informational,,5,low,medium,57.7,comparison
home geothermal heat pump,National,,,1000,3.9,LOW,29,transactional,up 171%,6,low,low,57.7,related-system
ducted heat pump cost,National,,,70,10.01,HIGH,28,informational,down -47%,6,low,medium,57.7,national-cost
16 seer heat pump cost,National,,,20,5.66,HIGH,3,commercial,down -67%,8,low,medium,57.7,national-cost
cold climate heat pump,National,,,12100,5.55,HIGH,22,commercial,,4,low,low,57.5,related-system
heat pump energy calculator,National,,,10,6.51,LOW,49,informational,,4,low,high,57.5,calculator
heat pump cost,National,,,5400,7.77,HIGH,18,informational,down -33%,5,low,medium,57.4,national-cost
geothermal heat pump diy,National,,,390,4.03,LOW,11,transactional,,5,low,low,57.4,related-system
heat pump vs ac,National,,,6600,4.71,MEDIUM,8,informational,,5,low,medium,57.3,comparison
cost of 3 ton heat pump installed,National,,,210,4.38,HIGH,8,commercial,up 24%,8,low,medium,57.3,national-cost
mini split replacement cost,National,,,70,9.31,MEDIUM,1,informational,up 22%,5,low,low,57.2,mini-split-cost
coefficient of performance heat pump calculator,National,,,40,,LOW,,informational,down -33%,5,low,high,57.2,calculator
air heat pump installation cost,National,,,1300,,LOW,10,commercial,down -89%,4,low,medium,57.1,national-cost
heat pump vs gas furnace ontario calculator,National,,,10,,,,informational,,4,low,high,57.1,calculator
propane vs electric heat pump calculator,National,,,10,,,,informational,,4,low,high,57.1,calculator
heat pump kw calculator,National,,,10,,,,informational,down -100%,4,low,high,57.1,calculator
air source heat pump noise calculator,National,,,10,,,,informational,,4,low,high,57.1,calculator
heat pump savings calculator air source,National,,,10,,MEDIUM,59,informational,,6,low,high,57.1,calculator
ductless mini split heat pump sizing calculator,National,,,10,,HIGH,,informational,,4,low,high,57.1,calculator
pool heat pump running cost calculator,National,,,10,,,,informational,,4,low,high,57.1,calculator
what size air source heat pump calculator,National,,,10,,,,informational,down -100%,4,low,high,57.1,calculator
daikin heat pump size calculator,National,,,10,,LOW,,informational,,4,low,high,57.1,calculator
ground source heat pump cost calculator uk,National,,,10,,,,informational,,4,low,high,57.1,calculator
fujitsu heat pump calculator,National,,,10,,,,informational,,4,low,high,57.1,calculator
heat pump btu calculator canada,National,,,10,,,,informational,,4,low,high,57.1,calculator
pse heat pump sizing calculator,National,,,10,,,,informational,,4,low,high,57.1,calculator
heat pump online calculator,National,,,10,,,,informational,,4,low,high,57.1,calculator
heat pump area calculator,National,,,10,,,,informational,down -100%,4,low,high,57.1,calculator
swimming pool air source heat pump calculator,National,,,10,,,,informational,,4,low,high,57.1,calculator
ground source heat pump calculator,National,,,10,,LOW,,informational,,4,low,high,57.1,calculator
heat pump sizing calculator uk,National,,,10,,,,informational,,4,low,high,57.1,calculator
heat pump savings calculator ontario,National,,,10,,,,informational,,4,low,high,57.1,calculator
heat pump versus gas furnace calculator,National,,,10,,,,informational,down -100%,4,low,high,57.1,calculator
heat pump cost calculator canada,National,,,10,,,,informational,,4,low,high,57.1,calculator
heat pump power calculator,National,,,10,,,,informational,down -100%,4,low,high,57.1,calculator
oil vs heat pump calculator,National,,,10,,LOW,,informational,,4,low,high,57.1,calculator
heat pump running cost calculator uk,National,,,10,,,,informational,,4,low,high,57.1,calculator
heat pump size calculator ireland,National,,,10,,,,informational,,4,low,high,57.1,calculator
heat pump savings calculator canada,National,,,10,,,,informational,,4,low,high,57.1,calculator
heat pump sizing calculator free,National,,,10,,,,informational,down -100%,4,low,high,57.1,calculator
air source heat pump cost calculator,National,,,10,,LOW,,informational,,4,low,high,57.1,calculator
what size heat pump do i need calculator,National,,,10,,LOW,,informational,,4,low,high,57.1,calculator
heat pump kwh calculator uk,National,,,10,,,,informational,,4,low,high,57.1,calculator
daikin heat pump calculator,National,,,10,,LOW,,informational,,4,low,high,57.1,calculator
heat pump room calculator,National,,,10,,,,informational,down -100%,4,low,high,57.1,calculator
ground source heat pump area calculator,National,,,10,,LOW,,informational,,4,low,high,57.1,calculator
hot water heat pump size calculator,National,,,10,,LOW,,informational,,4,low,high,57.1,calculator
spa heat pump calculator,National,,,10,,,,informational,,4,low,high,57.1,calculator
mcs heat pump calculator,National,,,10,,,,informational,,4,low,high,57.1,calculator
heat pump power usage calculator,National,,,10,,LOW,,informational,,4,low,high,57.1,calculator
mini split ac and heat installation cost,National,,,170,9.26,HIGH,,commercial,up 1100%,5,low,low,57.0,mini-split-cost
heat pump water heater size calculator,National,,,20,5.7,LOW,47,informational,down -50%,6,low,high,57.0,calculator
geothermal heat pump residential,National,,,590,3.98,HIGH,21,transactional,flat -18%,5,low,low,56.8,related-system
4 zone mini split installation cost,National,,,70,11.58,HIGH,,commercial,up 40%,5,low,low,56.7,mini-split-cost
pse heat pump rebate,National,,,590,5.26,MEDIUM,,commercial,down -33%,9,low,low,56.6,national-rebate
cost of heat pump for house,National,,,140,5.59,HIGH,8,informational,down -35%,8,low,medium,56.6,national-cost
mini split cost to run calculator,National,,,30,,LOW,,informational,down -57%,5,low,high,56.6,calculator
average cost of mini split installation,National,,,320,8.35,HIGH,,informational,up 50%,8,low,low,56.5,mini-split-cost
heat pump furnace installation cost,National,,,90,,LOW,4,commercial,up 67%,8,low,medium,56.5,national-cost
heat pump seer rating calculator,National,,,20,1.94,LOW,27,informational,down -75%,5,low,high,56.4,calculator
heat pump pool heater sizing calculator,National,,,10,3.91,HIGH,,informational,,4,low,high,56.4,calculator
heat pump vs mini split,National,,,1600,4.53,HIGH,,commercial,,8,low,medium,56.3,comparison
3 ton heat pump cost,National,,,480,5.07,HIGH,9,commercial,down -33%,5,low,medium,56.3,national-cost
insulation cost,National,,,2400,4.57,HIGH,2,informational,down -34%,8,low,low,56.2,related-system
geothermal heat pump sizing calculator,National,,,30,2.71,LOW,,informational,up 100%,6,low,high,56.1,calculator
heat pump hot water rebate,National,,,1900,6.89,LOW,19,commercial,down -54%,5,low,low,56.0,national-rebate
heat pump rebate oregon,Oregon,OR,,50,8.03,MEDIUM,25,informational,down -64%,5,high,low,56.0,state-rebate
ground source heat pump vs geothermal,National,,,90,3.56,LOW,2,commercial,down -55%,8,low,medium,55.9,comparison
12 000 btu mini split installation cost,National,,,50,11.2,HIGH,,commercial,up 200%,5,low,low,55.8,mini-split-cost
3-ton geothermal heat pump cost,National,,,20,,HIGH,1,commercial,down -50%,9,low,low,55.8,related-system
pacific power heat pump rebate,National,,,20,12.56,LOW,,commercial,down -33%,6,low,low,55.8,national-rebate
mini split ac system cost,National,,,1900,3.14,HIGH,4,commercial,down -33%,5,low,low,55.7,mini-split-cost
heat pump water heater rebate,National,,,1900,6.89,LOW,22,commercial,down -54%,5,low,low,55.6,national-rebate
bge heat pump rebate,BGE,MD,,70,6.38,MEDIUM,5,commercial,down -22%,6,high,low,55.6,utility-rebate
how much does a heat pump cost with installation,National,,,20,11.9,MEDIUM,,informational,down -43%,4,low,medium,55.6,national-cost
con edison heat pump rebate,Con Edison,NY,,70,3.78,MEDIUM,5,commercial,down -40%,4,high,low,55.5,utility-rebate
a c mini split cost,National,,,1900,3.14,HIGH,7,commercial,down -33%,5,low,low,55.3,mini-split-cost
heat pump roi calculator,National,,,10,2.15,LOW,,informational,,4,low,high,55.3,calculator
mini split air conditioning system cost,National,,,1900,3.46,HIGH,12,informational,down -33%,6,low,low,55.2,mini-split-cost
federal heat pump rebate,National,,,590,9.75,LOW,48,informational,down -75%,5,low,low,55.2,national-rebate
heat pump usage calculator,National,,,10,1.98,MEDIUM,,informational,,4,low,high,55.2,calculator
geothermal heat pump closed loop,National,,,320,6.31,MEDIUM,10,transactional,up 24%,5,low,low,55.0,related-system
heat pump 4-ton cost,National,,,210,4.38,HIGH,20,informational,down -56%,8,low,medium,55.0,national-cost
heat pump mitsubishi cost,National,,,140,5.62,HIGH,1,informational,down -47%,9,low,medium,55.0,national-cost
xcel rebate heat pump,Xcel Energy,CO,,70,3.69,MEDIUM,15,commercial,down -59%,5,high,low,55.0,utility-rebate
heat pump rebates vermont,Vermont,VT,,70,,LOW,14,commercial,down -86%,4,high,low,55.0,state-rebate
mass heat pump rebate,National,,,50,8.45,HIGH,,commercial,down -40%,6,low,low,55.0,national-rebate
how much does a heat pump cost,National,,,1900,5.62,HIGH,4,informational,flat 19%,4,low,medium,54.9,national-cost
3 ton heat pump replacement cost,National,,,210,6.74,HIGH,7,commercial,,4,low,medium,54.9,national-cost
how much do a heat pump cost,National,,,1900,5.62,HIGH,5,informational,flat 19%,4,low,medium,54.8,national-cost
heat pump square footage calculator,National,,,10,1.48,LOW,,informational,down -50%,4,low,high,54.8,calculator
air conditioning mini split cost,National,,,1900,3.46,HIGH,13,commercial,down -33%,5,low,low,54.7,mini-split-cost
heat pump heating system cost,National,,,1000,5.1,HIGH,23,informational,flat 14%,8,low,medium,54.6,national-cost
mitsubishi heat pump rebate,National,,,90,5.6,MEDIUM,5,commercial,,5,low,low,54.6,national-rebate
national grid heat pump rebate,National Grid,,,170,4.56,MEDIUM,,informational,down -33%,4,low,low,54.4,utility-rebate
mini split heat pump btu calculator,National,,,10,0.86,HIGH,,informational,,4,low,high,54.4,calculator
heat pump rebates,National,,,1900,7.84,MEDIUM,43,commercial,down -47%,6,low,low,54.3,national-rebate
geothermal heat pump air conditioner,National,,,1300,5.42,MEDIUM,19,commercial,up 26%,5,low,low,54.3,related-system
cost carrier heat pump,National,,,590,3.92,HIGH,,informational,flat -18%,9,low,medium,54.3,national-cost
how much does ground source heat pump cost,National,,,480,3.86,LOW,9,informational,up 23%,8,low,medium,54.3,national-cost
new heat pump system cost,National,,,170,6.63,HIGH,22,commercial,up 91%,6,low,medium,54.3,national-cost
heat pump vs furnace air conditioner,National,,,320,5.71,MEDIUM,12,informational,up 177%,8,low,medium,54.2,comparison
water-to-water heat pump geothermal,National,,,210,2.87,HIGH,3,commercial,up 21%,8,low,low,54.2,related-system
rocky mountain power heat pump rebate,National,,,30,7.33,LOW,7,commercial,,6,low,low,54.2,national-rebate
average cost of heat pump,National,,,320,6.4,HIGH,2,informational,,6,low,medium,54.1,national-cost
heat pump vs furnace and ac,National,,,320,4.62,MEDIUM,8,informational,up 127%,8,low,medium,54.1,comparison
heat pump versus geothermal,National,,,320,2.28,LOW,3,informational,flat -18%,8,low,low,54.1,related-system
ny state heat pump rebate,National,,,40,8.37,MEDIUM,18,informational,,6,low,low,54.1,national-rebate
air conditioner heat pump replacement cost,National,,,30,5.33,HIGH,4,informational,up 25%,8,low,medium,54.0,national-cost
best geothermal heat pump,National,,,260,4.5,HIGH,16,commercial,,8,low,low,53.9,related-system
heat pump rebate pennsylvania,Pennsylvania,PA,,20,2.05,LOW,5,commercial,down -50%,6,high,low,53.9,state-rebate
geothermal energy heat pump,National,,,9900,3.07,HIGH,46,transactional,flat -18%,4,low,low,53.8,related-system
best heat pump,National,,,1600,5.93,HIGH,36,commercial,down -32%,6,low,low,53.7,supporting
heat pump vs furnace humidity,National,,,10,10.89,LOW,,informational,,4,low,medium,53.7,comparison
heat pump vs gas furnace,National,,,1600,3.03,MEDIUM,6,informational,,5,low,medium,53.6,comparison
geothermal water source heat pump,National,,,140,0.49,HIGH,7,transactional,down -64%,5,low,low,53.6,related-system
geothermal heat pump installation cost,National,,,9900,5.22,LOW,,informational,down -56%,8,low,low,53.5,related-system
5 ton heat pump cost,National,,,140,3.33,HIGH,3,commercial,flat -19%,5,low,medium,53.5,national-cost
mass save heat pump rebate form 2025,Mass Save,MA,,30,,,14,transactional,down -100%,6,high,low,53.4,utility-rebate
heat pump ac cost,National,,,390,6.24,HIGH,24,informational,,8,low,medium,53.3,national-cost
geothermal heat pump 4 ton,National,,,110,2.72,HIGH,,transactional,down -21%,9,low,low,53.2,related-system
mini split cost,National,,,6600,4.02,HIGH,8,informational,,4,low,low,53.1,mini-split-cost
puget sound energy heat pump rebate,National,,,480,5.25,MEDIUM,,commercial,down -34%,6,low,low,53.1,national-rebate
cost to install ductless heat pump,National,,,390,5.69,LOW,3,informational,down -96%,8,low,low,53.1,mini-split-cost
electric heat pump vs oil furnace,National,,,10,10.01,LOW,,informational,,4,low,medium,53.1,comparison
hvac mini split installation cost,National,,,50,8.74,HIGH,,informational,down -56%,8,low,low,53.0,mini-split-cost
mitsubishi mini split system installation cost,National,,,170,,LOW,,commercial,up 1200%,8,low,low,52.9,mini-split-cost
cost to install 4 ton heat pump,National,,,90,3.96,HIGH,4,commercial,up 75%,5,low,medium,52.9,national-cost
geothermal heat pump vertical,National,,,70,3.58,HIGH,,transactional,down -29%,9,low,low,52.9,related-system
heat pump calculator canada,National,,,10,,,,navigational,down -100%,4,low,high,52.9,calculator
geothermal heat pump savings calculator,National,,,10,,LOW,,navigational,,4,low,high,52.9,calculator
heat pump rebates georgia,Georgia,GA,,10,,LOW,2,commercial,,4,high,low,52.9,state-rebate
cost of mini split system for 1000 sq ft,National,,,1300,6.11,HIGH,3,informational,,5,low,low,52.8,mini-split-cost
heat pump electricity cost,National,,,260,6.83,HIGH,24,informational,,8,low,medium,52.8,operating-cost
cost of 2 ton heat pump,National,,,170,6.27,HIGH,1,informational,down -34%,6,low,medium,52.8,national-cost
home electrification,National,,,90,6.7,LOW,4,commercial,down -81%,6,low,low,52.8,supporting
tech clean california heat pump water heater rebate,California,CA,,30,,LOW,11,transactional,down -91%,5,high,low,52.8,state-rebate
heat pump hvac cost,National,,,210,7.78,HIGH,12,informational,flat -18%,6,low,medium,52.7,national-cost
cost to install mini split in garage,National,,,140,11.35,HIGH,,informational,,4,low,low,52.7,mini-split-cost
coned heat pump rebate,National,,,70,3.4,MEDIUM,5,commercial,down -44%,5,low,low,52.7,national-rebate
swimming pool heat pump cost,National,,,320,1.53,HIGH,12,informational,down -65%,9,low,medium,52.6,national-cost
geothermal heat pump 2 ton,National,,,70,3.18,HIGH,,transactional,down -22%,9,low,low,52.6,related-system
heat pump rebates michigan,Michigan,MI,,10,4.45,MEDIUM,2,commercial,down -50%,4,high,low,52.6,state-rebate
cost of water source heat pump,National,,,30,0.84,LOW,1,informational,down -25%,9,low,medium,52.5,national-cost
ductless mini split system cost,National,,,390,7.82,LOW,3,informational,up 319%,6,low,low,52.4,mini-split-cost
georgia power heat pump rebate,Georgia,GA,,70,7.64,MEDIUM,26,commercial,,5,high,low,52.4,state-rebate
heat pump vs gas furnace northern california,California,CA,,10,,LOW,14,commercial,,6,low,medium,52.4,comparison
cost of goodman heat pump,National,,,170,3.75,HIGH,,commercial,up 52%,9,low,medium,52.3,national-cost
heat pump motor replacement cost,National,,,40,8.49,LOW,,informational,up 200%,5,low,medium,52.2,national-cost
smud heat pump water heater rebate,National,,,30,2.59,LOW,12,transactional,,6,low,low,52.2,national-rebate
cost of mini split heat pump,National,,,480,7.99,HIGH,2,informational,down -80%,5,low,low,52.1,mini-split-cost
heat pump for pool cost,National,,,320,1.53,HIGH,,commercial,down -65%,9,low,medium,52.1,national-cost
heat pump pool heater cost,National,,,320,1.53,HIGH,,commercial,down -65%,9,low,medium,52.1,national-cost
how much does it cost to install a heat pump,National,,,260,4.27,MEDIUM,3,informational,up 24%,6,low,medium,52.1,national-cost
geothermal heat pump contractors,National,,,110,4.67,LOW,1,navigational,down -71%,7,high,low,52.1,local-installer
cost of 3.5 ton heat pump,National,,,40,1.55,HIGH,4,informational,up 33%,8,low,medium,52.1,national-cost
heat pump installation cost seattle,Seattle,,Seattle,20,16.2,MEDIUM,23,informational,down -50%,6,high,medium,52.1,geo-cost
cost of ground source heat pump installation,National,,,1000,3.01,LOW,18,informational,down -45%,6,low,medium,52.0,national-cost
tesla heat pump replacement cost,National,,,30,10.65,LOW,,informational,down -50%,4,low,medium,52.0,national-cost
mini split ac cost,National,,,1900,3.46,HIGH,3,informational,down -33%,5,low,low,51.9,mini-split-cost
heat pump rebates pennsylvania,Pennsylvania,PA,,20,2.05,LOW,5,commercial,,4,high,low,51.9,state-rebate
mini split hvac system cost,National,,,170,6.42,HIGH,12,commercial,down -64%,5,low,low,51.8,mini-split-cost
washington heat pump rebate,Washington,WA,,90,5.83,MEDIUM,33,commercial,down -79%,6,high,low,51.8,state-rebate
heat pump installation cost florida,Florida,FL,,30,,LOW,,commercial,,4,high,medium,51.8,geo-cost
electric heat pump water heaters cost,National,,,40,3.05,HIGH,24,commercial,down -25%,8,low,low,51.7,related-system
variable-speed heat pump cost,National,,,30,3.49,HIGH,16,commercial,,8,low,medium,51.7,national-cost
cost of 3 ton ac unit with heat pump,National,,,30,5.09,HIGH,2,commercial,,5,low,medium,51.7,national-cost
inverter heat pump cost,National,,,20,5.71,HIGH,23,informational,,9,low,medium,51.7,national-cost
mini split heat pump vs oil furnace,National,,,10,,LOW,19,commercial,,6,low,medium,51.7,comparison
water source heat pump installation cost,National,,,110,,LOW,21,commercial,down -57%,5,low,medium,51.6,national-cost
trane 3 ton heat pump cost,National,,,50,3.37,HIGH,2,commercial,up 40%,5,low,medium,51.6,national-cost
ductless mini split ac system installation cost,National,,,40,,LOW,8,commercial,down -78%,8,low,low,51.6,mini-split-cost
cost to replace 2 ton heat pump and air handler,National,,,70,5.67,MEDIUM,11,commercial,down -47%,4,low,medium,51.5,national-cost
heat pump air handler cost,National,,,70,6.84,HIGH,,commercial,up 29%,8,low,medium,51.5,national-cost
maine heat pump water heater rebate,Maine,ME,,30,4.11,MEDIUM,12,commercial,,6,high,low,51.5,state-rebate
mitsubishi geothermal heat pump,National,,,30,6.4,MEDIUM,1,transactional,down -50%,5,low,low,51.5,related-system
nys heat pump rebate,National,,,110,6.19,HIGH,15,commercial,down -50%,6,low,low,51.4,national-rebate
mitsubishi heat pump installation cost,National,,,90,,LOW,,commercial,up 29%,5,low,medium,51.4,national-cost
heat pump rebate virginia,Virginia,VA,,40,4.56,MEDIUM,14,informational,down -25%,6,high,low,51.4,state-rebate
cost to install 2.5 ton heat pump,National,,,140,6.17,HIGH,2,informational,up 100%,5,low,medium,51.3,national-cost
heat pump vs furnace seattle,Seattle,,Seattle,10,,LOW,18,informational,,6,high,medium,51.3,comparison
how much does a mini split cost,National,,,1900,2.09,HIGH,2,informational,up 83%,5,low,low,51.1,mini-split-cost
ducted heat pump system cost,National,,,20,5.37,HIGH,2,commercial,down -75%,5,low,medium,51.1,national-cost
seattle heat pump vs gas furnace,Seattle,,Seattle,10,,LOW,,commercial,,9,high,medium,51.1,comparison
geothermal heat pump installation maryland,Maryland,MD,,110,,LOW,,commercial,,7,low,low,51.0,related-system
geothermal heat pump residential cost,National,,,50,2.15,MEDIUM,2,commercial,down -67%,8,low,low,51.0,related-system
2 1/2 ton heat pump cost,National,,,20,0.99,HIGH,4,commercial,down -33%,8,low,medium,51.0,national-cost
dominion virginia power heat pump rebate,Virginia,VA,,20,2.17,LOW,1,commercial,down -33%,6,high,low,51.0,state-rebate
heat pump ac unit cost,National,,,390,6.94,HIGH,23,informational,flat -18%,5,low,medium,50.9,national-cost
colorado heat pump rebate 2025,Colorado,CO,,40,,MEDIUM,17,commercial,down -50%,5,high,low,50.9,state-rebate
single zone mini split installation cost,National,,,480,4.04,HIGH,,commercial,down -76%,8,low,low,50.8,mini-split-cost
heat pump system replacement cost,National,,,70,5.83,HIGH,,commercial,up 29%,8,low,medium,50.8,national-cost
home depot mini split installation cost,National,,,1600,5,HIGH,9,informational,down -21%,4,low,low,50.7,mini-split-cost
ductless mini split cost,National,,,1000,4.1,MEDIUM,5,informational,up 309%,5,low,low,50.7,mini-split-cost
geothermal heat pump 6 ton,National,,,50,1.19,HIGH,,transactional,down -29%,9,low,low,50.7,related-system
5 ton heat pump installation cost,National,,,30,,LOW,16,commercial,up 25%,6,low,medium,50.7,national-cost
heat pump vs ac cost,National,,,320,4.31,MEDIUM,3,informational,down -46%,4,low,medium,50.6,comparison
heat pump rebates wisconsin,Wisconsin,WI,,10,4.21,LOW,15,commercial,down -50%,4,high,low,50.6,state-rebate
geothermal heat pump 5 ton,National,,,170,1.76,HIGH,,transactional,flat -19%,6,low,low,50.5,related-system
mini split vs central air cost,National,,,140,3.16,HIGH,,commercial,up 91%,8,low,medium,50.5,comparison
geothermal heat pump rebates,National,,,70,3.08,LOW,19,commercial,down -43%,5,low,low,50.5,national-rebate
is a geothermal heat pump worth it,National,,,50,6.28,LOW,2,informational,down -22%,9,low,low,50.5,related-system
how much does a new heat pump cost,National,,,260,5.72,HIGH,8,informational,up 24%,4,low,medium,50.4,national-cost
heat pump fan motor replacement cost,National,,,140,7.09,LOW,,informational,,6,low,medium,50.4,national-cost
heat pump cost to run,National,,,90,5.31,LOW,5,informational,,6,low,medium,50.4,national-cost
xcel energy heat pump rebate colorado,Xcel Energy,CO,,20,1.88,MEDIUM,22,commercial,down -86%,5,high,low,50.4,utility-rebate
heat pump system vs furnace,National,,,30,,MEDIUM,7,informational,,5,low,medium,50.3,comparison
geothermal heat pump sale,National,,,140,1.96,HIGH,,transactional,down -46%,6,low,low,50.2,related-system
heat pump ac installation cost,National,,,70,3.35,LOW,24,commercial,up 271%,6,low,medium,50.2,national-cost
heat pump rebates oregon,Oregon,OR,,50,5.36,MEDIUM,,commercial,down -64%,4,high,low,50.2,state-rebate
how much does heat pump system cost,National,,,90,5.65,HIGH,23,informational,up 57%,8,low,medium,50.1,national-cost
whole house heat pump installation cost,National,,,40,,LOW,24,commercial,up 750%,6,low,medium,50.1,national-cost
maine heat pump rebate 2025,Maine,ME,,40,2.5,MEDIUM,11,commercial,down -93%,5,high,low,50.1,state-rebate
nj heat pump rebate,National,,,30,7.17,MEDIUM,10,commercial,down -40%,6,low,low,50.1,national-rebate
heat pump rebates minnesota,Minnesota,MN,,20,1.65,,16,commercial,down -33%,4,high,low,50.1,state-rebate
heat pump cost denver,Denver,,Denver,20,14.5,HIGH,,commercial,,4,high,medium,50.1,geo-cost
heat pump vs furnace bay area,National,,,10,,LOW,,commercial,,8,low,medium,50.1,comparison
mini split heat pump vs gas furnace,National,,,10,,MEDIUM,,commercial,,8,low,medium,50.1,comparison
geothermal vs air source heat pump,National,,,140,4.03,LOW,1,informational,down -36%,5,low,medium,50.0,comparison
heat pump vs furnace efficiency,National,,,140,,MEDIUM,6,informational,down -86%,5,low,medium,49.9,comparison
3 ton geothermal heat pump,National,,,140,2.4,HIGH,,transactional,,9,low,low,49.9,related-system
heat pump compressor replacement cost,National,,,390,3.82,LOW,,informational,flat -19%,9,low,medium,49.8,national-cost
how much is a heat pump cost,National,,,90,5.59,HIGH,25,informational,up 22%,8,low,medium,49.8,national-cost
air to water heat pump installation cost,National,,,50,,LOW,22,commercial,down -71%,5,low,medium,49.8,national-cost
direct exchange geothermal heat pump,National,,,40,0.6,MEDIUM,,transactional,down -20%,9,low,low,49.8,related-system
heat pump installation cost california,California,CA,,70,,LOW,,informational,down -64%,8,high,medium,49.7,geo-cost
how much does a trane heat pump cost,National,,,30,6.93,HIGH,2,informational,down -33%,6,low,medium,49.7,national-cost
heat pump vs gas furnace portland oregon,Oregon,OR,Portland,10,,HIGH,,commercial,,4,high,medium,49.7,comparison
heat pump vs gas furnace atlanta,Atlanta,,Atlanta,10,,,,commercial,,4,high,medium,49.7,comparison
trane heat pump cost,National,,,880,5.68,HIGH,,informational,up 22%,6,low,medium,49.6,national-cost
carrier geothermal heat pump,National,,,210,1.35,MEDIUM,,transactional,down -35%,5,low,low,49.6,related-system
heat pump air conditioner cost,National,,,390,6.24,HIGH,23,informational,,4,low,medium,49.4,national-cost
4 zone mini split cost,National,,,30,5.73,HIGH,1,commercial,down -67%,5,low,low,49.4,mini-split-cost
heat pump rebates rhode island,Rhode Island,RI,,30,5.65,LOW,,commercial,,4,high,low,49.4,state-rebate
how much a heat pump cost,National,,,90,4.7,HIGH,24,informational,down -29%,8,low,medium,49.3,national-cost
cost of heat pump vs gas furnace,National,,,260,5.66,MEDIUM,,informational,flat -19%,8,low,medium,49.2,comparison
dual fuel heat pump installation cost,National,,,110,,LOW,,commercial,down -43%,6,low,medium,49.2,national-cost
heat pump coil replacement cost,National,,,70,5.43,MEDIUM,3,informational,down -40%,5,low,medium,49.2,national-cost
electric furnace vs heat pump cost,National,,,40,1.22,MEDIUM,13,commercial,,6,low,medium,49.2,comparison
heat pump installation cost nj,National,,,20,7.86,LOW,,commercial,down -50%,4,low,medium,49.2,national-cost
how much does a mini split system cost,National,,,320,2.76,HIGH,1,informational,,6,low,low,49.1,mini-split-cost
bosch heat pump rebate,National,,,90,3.97,LOW,4,commercial,down -64%,4,low,low,49.1,national-rebate
geothermal heat pump swimming pool,National,,,90,2.49,HIGH,,transactional,down -64%,9,low,low,49.1,related-system
qualified geothermal heat pump property costs,National,,,40,,LOW,4,commercial,,5,low,low,49.1,related-system
mitsubishi mini split cost,National,,,1000,5.26,HIGH,,commercial,up 82%,4,low,low,49.0,mini-split-cost
heat pump vs natural gas furnace,National,,,90,0.25,MEDIUM,6,informational,down -22%,8,low,medium,49.0,comparison
cost to install air source heat pump,National,,,1600,2,LOW,22,informational,down -89%,6,low,low,48.9,related-system
heat pump vs ac furnace,National,,,320,4.62,MEDIUM,,informational,up 127%,8,low,medium,48.9,comparison
pud heat pump rebate,National,,,50,3.22,MEDIUM,8,commercial,down -20%,6,low,low,48.9,national-rebate
minnesota heat pump rebate,Minnesota,MN,,30,2.53,LOW,16,commercial,down -43%,5,high,low,48.9,state-rebate
midea window heat pump cost,National,,,20,1.13,MEDIUM,,commercial,up 100%,8,low,medium,48.9,national-cost
ohio heat pump rebate,Ohio,OH,,20,,LOW,29,commercial,down -50%,6,high,low,48.9,state-rebate
when to use heat pump vs furnace,National,,,20,,LOW,7,informational,,8,low,medium,48.9,comparison
what does a heat pump cost,National,,,140,5.06,HIGH,7,informational,,4,low,medium,48.8,national-cost
how much does it cost to run a heat pump,National,,,50,4.02,LOW,2,informational,up 75%,6,low,medium,48.8,national-cost
cost to replace 3 ton heat pump and air handler,National,,,40,0.84,MEDIUM,7,commercial,down -71%,5,low,medium,48.8,national-cost
cost of 24000 btu mini split,National,,,30,2.05,HIGH,1,transactional,up 133%,5,low,low,48.8,mini-split-cost
tva heat pump water heater rebate,National,,,30,,LOW,2,commercial,,5,low,low,48.8,national-rebate
heat pump installation cost maine,Maine,ME,,50,7.57,MEDIUM,,informational,,6,high,medium,48.7,geo-cost
heat pump versus air conditioner cost,National,,,320,4.21,MEDIUM,,informational,down -56%,8,low,medium,48.6,national-cost
cost to have a mini split installed,National,,,70,2.46,HIGH,5,commercial,up 89%,5,low,low,48.5,mini-split-cost
hvac heat pump installation cost,National,,,30,,LOW,24,commercial,down -67%,5,low,medium,48.5,national-cost
geothermal heat pump florida,Florida,FL,,90,4.02,HIGH,,commercial,,9,low,low,48.4,related-system
new heat pump and air handler cost,National,,,40,6.91,HIGH,,commercial,up 125%,6,low,medium,48.4,national-cost
ppl heat pump rebate,National,,,170,1,LOW,,commercial,down -33%,6,low,low,48.3,national-rebate
heehra heat pump rebate,National,,,110,4.66,LOW,23,commercial,up 22%,5,low,low,48.3,national-rebate
cost of daikin heat pump,National,,,50,6.11,HIGH,,commercial,up 75%,6,low,medium,48.3,national-cost
trane dual fuel heat pump cost,National,,,30,5.24,HIGH,4,informational,down -75%,6,low,medium,48.3,national-cost
average cost to replace a heat pump system,National,,,40,,MEDIUM,8,informational,down -86%,6,low,medium,48.2,national-cost
dual fuel heat pump vs gas furnace,National,,,20,2.11,MEDIUM,11,informational,up 200%,6,low,medium,48.1,comparison
heat pump vs oil furnace operating costs,National,,,10,,MEDIUM,,commercial,,6,low,medium,48.1,comparison
heat pump cost vs furnace and a c,National,,,30,2.05,MEDIUM,7,commercial,up 33%,4,low,medium,48.0,comparison
federal heat pump water heater rebate,National,,,30,8.53,LOW,58,informational,down -60%,6,low,low,48.0,national-rebate
geothermal vs heat pump,National,,,320,7.65,LOW,,informational,down -34%,5,low,medium,47.9,comparison
air heat pump vs geothermal,National,,,140,4.03,LOW,,informational,down -36%,9,low,medium,47.9,comparison
9000 btu mini split cost,National,,,30,0.76,HIGH,1,transactional,up 133%,5,low,low,47.9,mini-split-cost
what is a geothermal heat pump,National,,,1300,3,LOW,17,informational,,4,low,low,47.8,related-system
bosch geothermal heat pump,National,,,480,1.42,HIGH,,transactional,,5,low,low,47.8,related-system
5 ton trane heat pump cost,National,,,20,2.59,HIGH,4,informational,down -25%,8,low,medium,47.8,national-cost
pool geothermal heat pump,National,,,90,0.41,HIGH,,transactional,up 29%,9,low,low,47.7,related-system
energy star heat pump water heater rebate,National,,,70,,LOW,34,transactional,down -60%,5,low,low,47.7,national-rebate
geothermal heat pump supplies,National,,,40,,HIGH,,transactional,,4,low,low,47.7,related-system
xcel colorado heat pump rebate,Xcel Energy,CO,,20,3.25,MEDIUM,22,commercial,down -25%,5,high,low,47.7,utility-rebate
heat pump rebate washington state,Washington,WA,,90,5.83,MEDIUM,33,informational,down -79%,6,high,low,47.6,state-rebate
bosch heat pump cost,National,,,50,6.55,HIGH,,commercial,,5,low,medium,47.6,national-cost
carrier ductless mini split installation cost,National,,,70,,LOW,,commercial,down -78%,8,low,low,47.5,mini-split-cost
small geothermal heat pump,National,,,50,1.08,HIGH,20,transactional,,6,low,low,47.5,related-system
dominion heat pump rebate,National,,,20,6.38,LOW,,commercial,down -50%,6,low,low,47.5,national-rebate
heat pump vs high efficiency gas furnace,National,,,10,,MEDIUM,9,commercial,,4,low,medium,47.5,comparison
mini split unit cost,National,,,260,3.88,HIGH,8,informational,,5,low,low,47.4,mini-split-cost
heat pump efficiency vs gas furnace,National,,,70,4.04,MEDIUM,17,informational,,6,low,medium,47.4,comparison
heat pump vs gas boiler running cost,National,,,20,,LOW,,commercial,,4,low,medium,47.4,comparison
heat pump vs boiler,National,,,170,4.18,LOW,,informational,up 50%,8,low,medium,47.3,comparison
eweb heat pump rebate,National,,,20,6.11,LOW,,commercial,down -60%,6,low,low,47.3,national-rebate
heat pump vs gas furnace in texas,Texas,TX,,10,,,37,commercial,,4,low,medium,47.2,comparison
electric furnace vs heat pump,National,,,390,1.17,MEDIUM,,informational,up 24%,8,low,medium,47.1,comparison
cold climate heat pump cost,National,,,170,7.86,LOW,22,informational,up 55%,5,low,low,47.1,related-system
heat pump dryer cost,National,,,40,1.75,HIGH,,commercial,up 100%,8,low,medium,47.1,national-cost
3.5 ton geothermal heat pump,National,,,30,1.89,HIGH,,transactional,up 33%,6,low,low,47.1,related-system
geothermal heat pump for house,National,,,30,,LOW,20,transactional,down -33%,4,low,low,47.0,related-system
geothermal heat pump loop,National,,,260,0.42,LOW,,transactional,up 52%,6,low,low,46.9,related-system
cost of mitsubishi mini split system,National,,,170,4.46,MEDIUM,,commercial,up 271%,6,low,low,46.9,mini-split-cost
forced-air furnace vs heat pump,National,,,50,0.75,LOW,,commercial,,8,low,medium,46.9,comparison
tva heat pump rebate,National,,,40,4.3,LOW,,commercial,down -29%,9,low,low,46.9,national-rebate
comed heat pump water heater rebate,ComEd,IL,,20,2.88,LOW,,commercial,,4,high,low,46.9,utility-rebate
cost of a mini split system,National,,,2400,3.94,HIGH,,informational,flat -18%,5,low,low,46.8,mini-split-cost
heat pump water heater cost,National,,,1300,4.34,HIGH,,informational,down -23%,6,low,low,46.8,related-system
how does a geothermal heat pump work,National,,,590,2.09,LOW,16,informational,flat -18%,5,low,low,46.8,related-system
geothermal heat pump unit,National,,,210,2.56,HIGH,,transactional,flat -19%,5,low,low,46.8,related-system
what is the cost of a heat pump,National,,,90,3.57,HIGH,23,informational,,6,low,medium,46.8,national-cost
heat pump cost vs air conditioner,National,,,320,4.31,MEDIUM,,informational,down -46%,6,low,medium,46.7,comparison
geothermal heat pump desuperheater,National,,,210,0.85,LOW,,transactional,,6,low,low,46.7,related-system
heat pump rebates utah,Utah,UT,,10,4.68,LOW,,commercial,down -50%,4,high,low,46.7,state-rebate
mrcool mini split installation cost,National,,,110,6.95,HIGH,,commercial,up 125%,5,low,low,46.6,mini-split-cost
air to water heat pump cost,National,,,50,2.52,HIGH,4,informational,up 33%,5,low,medium,46.6,national-cost
ductless mini split hvac system cost,National,,,40,3.05,MEDIUM,13,commercial,down -50%,5,low,low,46.6,mini-split-cost
daikin heat pump installation cost,National,,,30,,LOW,,commercial,up 100%,6,low,medium,46.6,national-cost
window heat pump cost,National,,,30,0.02,HIGH,8,commercial,,4,low,medium,46.6,national-cost
heat pump rebates denver,Denver,,Denver,30,1.19,HIGH,,commercial,,4,high,low,46.6,national-rebate
north carolina heat pump rebate,North Carolina,NC,,20,,LOW,,commercial,down -50%,6,high,low,46.6,state-rebate
heat pump rebates illinois,Illinois,IL,,20,2.36,,,commercial,down -33%,4,high,low,46.5,state-rebate
geothermal heat pump cost,National,,,1600,4.7,MEDIUM,,informational,down -47%,5,low,low,46.4,related-system
heat pump vs furnace cost,National,,,320,6.91,MEDIUM,,informational,down -35%,4,low,medium,46.4,comparison
how much does a mini split air conditioner cost,National,,,170,2.78,HIGH,4,informational,up 23%,5,low,low,46.4,mini-split-cost
heat pump vs gas furnace installation cost,National,,,10,,LOW,43,commercial,,4,low,medium,46.4,comparison
ductless heat pump cost,National,,,170,4.61,HIGH,13,informational,down -59%,5,low,low,46.3,mini-split-cost
heat pump water heater vs gas cost,National,,,40,6.76,LOW,,commercial,down -25%,4,low,medium,46.3,comparison
energize ct heat pump water heater rebate,National,,,20,,LOW,,transactional,,4,low,low,46.3,national-rebate
geothermal heat pump how does it work,National,,,590,3.09,LOW,25,informational,flat -19%,5,low,low,46.2,related-system
how much does a mini split ac cost,National,,,170,2.4,HIGH,4,informational,up 50%,5,low,low,46.2,mini-split-cost
geothermal heat pump property,National,,,110,,LOW,1,navigational,,8,low,low,46.2,related-system
best geothermal heat pump brands,National,,,40,3.09,MEDIUM,16,commercial,down -57%,5,low,low,46.2,related-system
lowe's heat pump installation cost,National,,,30,7.49,HIGH,,commercial,,4,low,medium,46.2,national-cost
heat pump air conditioner rebate,National,,,20,7.45,HIGH,48,commercial,down -20%,8,low,low,46.2,national-rebate
geothermal heat pump diagram,National,,,210,,LOW,,informational,down -65%,5,low,low,46.1,related-system
geothermal heat pump supplier,National,,,50,7.57,HIGH,35,navigational,down -56%,9,low,low,46.1,related-system
inverter heat pump vs gas furnace,National,,,10,2.54,MEDIUM,4,informational,,4,low,medium,46.1,comparison
electric heat pump vs gas furnace cost,National,,,10,,MEDIUM,,commercial,,4,low,medium,46.1,comparison
heat pump vs forced air furnace cost,National,,,10,,,,commercial,,4,low,medium,46.1,comparison
hybrid heat pump vs gas furnace,National,,,10,,LOW,,commercial,,4,low,medium,46.1,comparison
heat pump vs furnace price,National,,,10,,LOW,,commercial,,4,low,medium,46.1,comparison
high-efficiency furnace vs heat pump,National,,,10,,LOW,,commercial,,4,low,medium,46.1,comparison
natural gas furnace vs electric heat pump,National,,,10,,LOW,,commercial,,4,low,medium,46.1,comparison
heat pump vs natural gas furnace cost,National,,,10,,LOW,,commercial,,4,low,medium,46.1,comparison
heat pump vs gas furnace debate,National,,,10,,,,commercial,,4,low,medium,46.1,comparison
high efficiency propane furnace vs heat pump,National,,,10,,LOW,,commercial,,4,low,medium,46.1,comparison
ductless mini split air conditioner cost,National,,,90,3.92,HIGH,3,informational,up 27%,5,low,low,46.0,mini-split-cost
ductless mini split ac system cost,National,,,40,,LOW,,commercial,up 300%,4,low,low,46.0,mini-split-cost
heat pump vs furnace and air conditioner,National,,,320,4.62,MEDIUM,,informational,up 127%,5,low,medium,45.9,comparison
lowe's mini split installation cost,National,,,170,5.92,HIGH,,commercial,down -72%,4,low,low,45.9,mini-split-cost
illinois heat pump rebate,Illinois,IL,,30,4.16,MEDIUM,,commercial,down -60%,5,high,low,45.9,state-rebate
cost of heat pump compressor,National,,,140,2.38,MEDIUM,,informational,down -46%,8,low,medium,45.8,national-cost
cost to replace geothermal heat pump,National,,,90,6.54,LOW,,informational,up 29%,9,low,low,45.8,related-system
average cost of a mini split,National,,,90,3.67,HIGH,3,informational,,5,low,low,45.8,mini-split-cost
solar mini split installation cost,National,,,30,,,,commercial,down -100%,8,low,low,45.8,mini-split-cost
mini split heating and cooling system cost,National,,,30,4.59,HIGH,22,commercial,up 125%,5,low,low,45.8,mini-split-cost
heat pump rebates new hampshire,New Hampshire,NH,,10,3.33,HIGH,,commercial,down -75%,4,high,low,45.8,state-rebate
heat pump operating cost,National,,,20,,LOW,16,informational,,6,low,medium,45.7,operating-cost
define geothermal heat pump,National,,,70,,LOW,7,informational,up 100%,5,low,low,45.6,related-system
rv heat pump vs furnace,National,,,30,,MEDIUM,,commercial,,5,low,medium,45.6,comparison
mini split hvac system installation cost,National,,,20,,LOW,,commercial,down -67%,5,low,low,45.6,mini-split-cost
heat pump energy rebate,National,,,20,6.73,MEDIUM,53,commercial,down -80%,5,low,low,45.6,national-rebate
how much does it cost to install a mini split,National,,,880,5.01,HIGH,,informational,up 46%,5,low,low,45.4,mini-split-cost
how much does it cost to run a mini split,National,,,140,6.05,LOW,,informational,up 53%,8,low,low,45.4,mini-split-cost
heat pump vs oil heat cost,National,,,30,4.66,MEDIUM,,commercial,down -33%,5,low,medium,45.4,comparison
3 zone mini split installation cost,National,,,110,4.91,HIGH,,commercial,up 27%,5,low,low,45.3,mini-split-cost
dual fuel heat pump cost,National,,,140,6.18,HIGH,,informational,flat -18%,5,low,medium,45.2,national-cost
what does a geothermal heat pump look like,National,,,40,,LOW,2,informational,down -33%,5,low,low,45.2,related-system
heat pump capacitor replacement cost,National,,,170,5.4,LOW,,informational,up 55%,5,low,medium,45.1,national-cost
daikin geothermal heat pump,National,,,40,5.13,HIGH,,transactional,down -29%,5,low,low,45.1,related-system
bryant heat pump cost,National,,,30,2.68,MEDIUM,,commercial,down -75%,6,low,medium,45.1,national-cost
6-zone mini split cost,National,,,30,1.35,HIGH,5,commercial,,4,low,low,45.1,mini-split-cost
mini split fan motor replacement cost,National,,,20,5.8,MEDIUM,,commercial,up 200%,4,low,low,45.1,mini-split-cost
mini split air conditioner cost,National,,,1900,3.46,HIGH,,informational,down -33%,4,low,low,45.0,mini-split-cost
geothermal heat pump thermostat,National,,,210,1.3,HIGH,,transactional,flat -19%,4,low,low,45.0,related-system
amana heat pump cost,National,,,90,5.67,HIGH,,informational,down -47%,6,low,medium,45.0,national-cost
how much does a heat pump cost for a house,National,,,30,4.15,HIGH,8,informational,up 100%,4,low,medium,45.0,national-cost
heat pump clothes dryer rebate,National,,,20,,LOW,,commercial,down -67%,8,low,low,45.0,national-rebate
multi zone mini split cost,National,,,30,0.66,HIGH,10,commercial,down -60%,5,low,low,44.9,mini-split-cost
heat pump cost vs furnace and ac,National,,,30,3.73,MEDIUM,7,informational,up 133%,4,low,medium,44.9,comparison
mini split installation cost florida,Florida,FL,,20,5.46,LOW,,commercial,down -33%,4,low,low,44.9,mini-split-cost
heat pump vs gas furnace and air conditioner,National,,,20,1.09,HIGH,,commercial,,4,low,medium,44.9,comparison
heat pump rebates connecticut,Connecticut,CT,,10,1.88,LOW,,commercial,,4,high,low,44.9,state-rebate
cost of air source heat pump system,National,,,90,,LOW,38,informational,,8,low,low,44.8,related-system
heat pump vs furnace new york,New York,NY,New York,0,,,,commercial,,4,high,medium,44.8,comparison
heat pump vs oil new york,New York,NY,New York,0,,,,commercial,,4,high,medium,44.8,comparison
heat pump vs gas new york,New York,NY,New York,0,,,,commercial,,4,high,medium,44.8,comparison
how much do mini split air conditioners cost,National,,,70,2.45,HIGH,2,informational,,5,low,low,44.7,mini-split-cost
tacoma power heat pump rebate,National,,,20,2,MEDIUM,,commercial,down -33%,6,low,low,44.7,national-rebate
how long does a geothermal heat pump last,National,,,260,2.98,LOW,,informational,up 24%,8,low,low,44.6,related-system
heat pump vs oil,National,,,20,,LOW,,informational,,9,low,medium,44.6,comparison
ductless mini split hvac system installation cost,National,,,20,,LOW,,commercial,,4,low,low,44.6,mini-split-cost
cost of mini split and installation,National,,,20,,HIGH,,commercial,down -33%,4,low,low,44.6,mini-split-cost
mini split evaporator coil replacement cost,National,,,20,,LOW,,commercial,down -67%,4,low,low,44.6,mini-split-cost
nh heat pump rebate 2025,National,,,20,,,,commercial,down -100%,4,low,low,44.6,national-rebate
met-ed heat pump rebate,National,,,20,,LOW,,commercial,,4,low,low,44.6,national-rebate
federal heat pump rebate 2025,National,,,20,,LOW,,commercial,down -75%,4,low,low,44.6,national-rebate
heat pump vs gas furnace california,California,CA,,20,,MEDIUM,,informational,down -75%,9,low,medium,44.6,comparison
geothermal heat pump sizing,National,,,70,5.41,LOW,,informational,,9,low,low,44.5,related-system
how to install a geothermal heat pump,National,,,40,2.47,LOW,14,informational,down -57%,4,low,low,44.5,related-system
nh heat pump rebate,National,,,30,3.05,MEDIUM,1,informational,down -71%,6,low,low,44.5,national-rebate
geothermal heat pump how it works,National,,,170,2.29,LOW,16,informational,down -21%,5,low,low,44.4,related-system
geothermal cooling heat pump,National,,,40,0.55,LOW,29,transactional,up 250%,5,low,low,44.4,related-system
gas furnace and ac vs heat pump,National,,,20,0.26,HIGH,,commercial,,4,low,medium,44.4,comparison
heat pump reversing valve replacement cost,National,,,210,,LOW,,informational,down -36%,4,low,medium,44.3,national-cost
air source heat pump rebate,National,,,140,6.84,LOW,35,informational,down -88%,5,low,low,44.3,national-rebate
heat pump and furnace cost,National,,,210,4.8,HIGH,,informational,down -65%,4,low,medium,44.2,national-cost
cost of 2.5 ton heat pump,National,,,140,4.6,HIGH,,informational,flat -19%,5,low,medium,44.2,national-cost
mini split heating and cooling cost,National,,,90,5.67,HIGH,,informational,down -36%,8,low,low,44.2,mini-split-cost
hydronic heat pump cost,National,,,20,5.85,HIGH,,informational,down -33%,8,low,medium,44.2,national-cost
geothermal heat pump vs gas furnace,National,,,20,,LOW,,informational,up 100%,5,low,medium,44.2,comparison
cost of mitsubishi mini split installed,National,,,390,7.17,HIGH,,informational,up 175%,4,low,low,44.1,mini-split-cost
how much electricity does a heat pump use,National,,,260,2.51,LOW,,informational,down -33%,5,low,medium,44.1,operating-cost
daikin mini split cost,National,,,110,1.48,HIGH,,commercial,,6,low,low,44.1,mini-split-cost
multi zone mini split installation cost,National,,,70,4.37,HIGH,,commercial,down -90%,5,low,low,44.1,mini-split-cost
cost to install 2 zone mini split,National,,,20,4.25,HIGH,4,informational,,6,low,low,44.1,mini-split-cost
geothermal heat pump system cost,National,,,110,1.21,LOW,,commercial,up 271%,6,low,low,44.0,related-system
geothermal vs heat pump cost,National,,,30,2.75,MEDIUM,,informational,down -50%,9,low,medium,44.0,comparison
how much does a ductless heat pump cost,National,,,20,3.13,HIGH,21,informational,,9,low,low,44.0,mini-split-cost
mini split heating cost,National,,,70,5.01,HIGH,,informational,down -71%,5,low,low,43.9,mini-split-cost
5 zone mini split installation cost,National,,,50,5.2,HIGH,,commercial,down -22%,5,low,low,43.9,mini-split-cost
geothermal heat pump efficiency,National,,,50,,LOW,22,informational,down -20%,6,low,low,43.8,related-system
fujitsu mini split installation cost,National,,,40,5.61,LOW,,commercial,up 33%,5,low,low,43.8,mini-split-cost
heat pump monthly cost,National,,,30,7.12,MEDIUM,,informational,,6,low,medium,43.8,operating-cost
mini split ac vs central air cost,National,,,20,1.82,HIGH,,commercial,down -43%,6,low,medium,43.8,comparison
heat pump rebate ontario,National,,,20,,LOW,33,commercial,down -67%,5,low,low,43.7,national-rebate
heat pump installer boston,Boston,,Boston,0,,,,transactional,,4,high,low,43.7,local-installer
heat pump installer denver,Denver,,Denver,0,,,,transactional,,4,high,low,43.7,local-installer
heat pump installer seattle,Seattle,,Seattle,0,,,,transactional,,4,high,low,43.7,local-installer
heat pump installer chicago,Chicago,,Chicago,0,,,,transactional,,4,high,low,43.7,local-installer
high efficiency geothermal heat pump,National,,,70,2.26,LOW,32,commercial,,4,low,low,43.6,related-system
mitsubishi mini split 18000 btu cost,National,,,50,6.15,HIGH,,commercial,up 75%,4,low,low,43.6,mini-split-cost
how much does a pool heat pump cost,National,,,20,3.53,HIGH,50,informational,,6,low,medium,43.6,national-cost
single zone mini split system cost,National,,,140,1.22,HIGH,,commercial,down -99%,5,low,low,43.5,mini-split-cost
carrier ductless mini split cost,National,,,140,1.22,HIGH,,commercial,,5,low,low,43.5,mini-split-cost
single room heat pump cost,National,,,20,5.46,HIGH,,informational,up 100%,4,low,medium,43.5,national-cost
mini split heat pump system cost,National,,,20,3.25,HIGH,,commercial,down -50%,4,low,low,43.5,mini-split-cost
mitsubishi 3-zone mini split cost,National,,,70,4.85,HIGH,,commercial,up 29%,4,low,low,43.4,mini-split-cost
whole house mini split system cost,National,,,70,3.24,HIGH,,commercial,down -21%,5,low,low,43.4,mini-split-cost
heat pump refrigerant leak repair cost,National,,,50,,MEDIUM,,informational,down -78%,6,low,medium,43.4,national-cost
cost to run mini split,National,,,70,,LOW,,informational,,8,low,low,43.3,mini-split-cost
average cost of mini split system,National,,,50,4.46,HIGH,,informational,down -59%,9,low,low,43.3,mini-split-cost
pse heat pump water heater rebate,National,,,40,2.22,LOW,,transactional,,5,low,low,43.3,national-rebate
pool heat pump running cost,National,,,30,1.7,MEDIUM,,informational,down -60%,9,low,medium,43.3,national-cost
geothermal heat pump tax credits,National,,,210,4.12,LOW,29,informational,down -56%,4,low,low,43.2,national-rebate
diy geothermal heat pump kit,National,,,50,1.36,LOW,,transactional,,5,low,low,43.2,related-system
3.5 ton ac unit with heat pump cost,National,,,40,2.79,HIGH,,informational,up 450%,4,low,medium,43.2,national-cost
new york state heat pump rebate,New York,NY,New York,40,5.2,MEDIUM,43,informational,down -60%,5,high,low,43.2,state-rebate
heat pump valve replacement cost,National,,,20,,LOW,,informational,up 100%,4,low,medium,43.2,national-cost
trane heat pump compressor replacement cost,National,,,20,,LOW,,informational,up 100%,4,low,medium,43.2,national-cost
heat pump txv valve replacement cost,National,,,20,,HIGH,,informational,down -75%,4,low,medium,43.2,national-cost
heat pump vs furnace reddit,National,,,20,,LOW,,informational,down -67%,4,low,medium,43.2,comparison
lennox heat pump installation cost,National,,,70,,LOW,,informational,down -33%,5,low,medium,43.1,national-cost
18000 btu mini split installation cost,National,,,70,2.82,HIGH,,commercial,down -29%,5,low,low,43.1,mini-split-cost
mn heat pump rebate,National,,,40,1.56,LOW,32,commercial,down -43%,5,low,low,43.0,national-rebate
heat pump incentives,National,,,110,6.17,MEDIUM,38,informational,down -67%,5,low,low,42.9,national-rebate
labor cost to install mini split ac,National,,,20,6.86,MEDIUM,10,informational,down -25%,4,low,low,42.9,mini-split-cost
heat pump vs gas furnace southern california,California,CA,,10,0.04,HIGH,,commercial,,4,low,medium,42.9,comparison
heat pump vs furnace north carolina,North Carolina,NC,,10,,LOW,38,informational,,4,low,medium,42.9,comparison
furnace vs heat pump difference,National,,,10,0.08,LOW,,commercial,,4,low,medium,42.9,comparison
heat pump vs propane furnace,National,,,170,1.73,MEDIUM,,informational,,5,low,medium,42.8,comparison
heat pump condenser replacement cost,National,,,40,6.26,LOW,,informational,down -57%,5,low,medium,42.8,national-cost
how much does a fujitsu mini split cost,National,,,20,2.11,HIGH,,commercial,down -50%,4,low,low,42.8,mini-split-cost
how much does geothermal heat pump cost,National,,,480,2.74,LOW,,informational,up 51%,5,low,low,42.7,related-system
heat pump vs propane,National,,,90,3.68,LOW,,informational,down -22%,5,low,medium,42.7,comparison
cost to convert gas furnace to heat pump,National,,,20,1.88,MEDIUM,23,informational,,6,low,medium,42.7,national-cost
how much does a mini split installation cost,National,,,90,3.15,MEDIUM,,informational,up 27%,8,low,low,42.6,mini-split-cost
airstream heat pump vs furnace,National,,,10,,LOW,40,informational,,4,low,medium,42.6,comparison
how much is geothermal heat pump,National,,,260,4.33,LOW,,informational,flat -19%,5,low,low,42.5,related-system
heat pump rebate 2025,National,,,170,,LOW,42,informational,down -98%,5,low,low,42.5,national-rebate
cost of mini split for one room,National,,,40,2.14,HIGH,1,informational,up 75%,4,low,low,42.5,mini-split-cost
mini split operating cost,National,,,20,3.79,MEDIUM,39,informational,up 100%,6,low,low,42.5,mini-split-cost
house heat pump vs furnace,National,,,10,6.01,HIGH,,informational,,4,low,medium,42.5,comparison
heat pump vs propane cost,National,,,30,,LOW,,informational,down -50%,6,low,medium,42.4,comparison
heat pump retrofit cost,National,,,30,,LOW,,informational,down -50%,6,low,medium,42.4,national-cost
what does a mini split air conditioner cost,National,,,20,1.57,HIGH,,commercial,,4,low,low,42.4,mini-split-cost
heat pump vs furnace california,California,CA,,10,,LOW,,informational,down -50%,8,low,medium,42.3,comparison
heat pump hot water heater cost,National,,,40,5.1,HIGH,,informational,down -20%,8,low,low,42.2,related-system
geothermal heat pump benefits,National,,,40,,LOW,,informational,down -67%,8,low,low,42.2,related-system
simple geothermal heat pump diagram,National,,,30,,LOW,,informational,down -33%,5,low,low,42.2,related-system
what does a mini split ac cost,National,,,20,1.2,HIGH,,commercial,down -33%,4,low,low,42.2,mini-split-cost
18000 btu mini split cost,National,,,40,2.02,HIGH,,transactional,up 67%,4,low,low,42.1,mini-split-cost
fujitsu mini split cost,National,,,70,1.09,HIGH,,commercial,down -22%,5,low,low,42.0,mini-split-cost
mini split tune-up cost,National,,,20,,LOW,,commercial,down -33%,5,low,low,42.0,mini-split-cost
heat pump rebates alabama,Alabama,AL,,0,,,,commercial,,4,high,low,42.0,state-rebate
heat pump rebates alaska,Alaska,AK,,0,,,,commercial,,4,high,low,42.0,state-rebate
heat pump rebates arizona,Arizona,AZ,,0,,,,commercial,,4,high,low,42.0,state-rebate
heat pump rebates arkansas,Arkansas,AR,,0,,,,commercial,,4,high,low,42.0,state-rebate
heat pump rebates delaware,Delaware,DE,,0,,,,commercial,,4,high,low,42.0,state-rebate
heat pump rebates florida,Florida,FL,,0,,,,commercial,,4,high,low,42.0,state-rebate
heat pump rebates hawaii,Hawaii,HI,,0,,,,commercial,,4,high,low,42.0,state-rebate
heat pump rebates idaho,Idaho,ID,,0,,,,commercial,,4,high,low,42.0,state-rebate
heat pump rebates indiana,Indiana,IN,,0,,,,commercial,,4,high,low,42.0,state-rebate
heat pump rebates iowa,Iowa,IA,,0,,,,commercial,,4,high,low,42.0,state-rebate
heat pump rebates kansas,Kansas,KS,,0,,,,commercial,,4,high,low,42.0,state-rebate
heat pump rebates kentucky,Kentucky,KY,,0,,,,commercial,,4,high,low,42.0,state-rebate
heat pump rebates louisiana,Louisiana,LA,,0,,,,commercial,,4,high,low,42.0,state-rebate
heat pump rebates mississippi,Mississippi,MS,,0,,,,commercial,,4,high,low,42.0,state-rebate
heat pump rebates missouri,Missouri,MO,,0,,,,commercial,,4,high,low,42.0,state-rebate
heat pump rebates montana,Montana,MT,,0,,,,commercial,,4,high,low,42.0,state-rebate
heat pump rebates nebraska,Nebraska,NE,,0,,,,commercial,,4,high,low,42.0,state-rebate
heat pump rebates nevada,Nevada,NV,,0,,,,commercial,,4,high,low,42.0,state-rebate
heat pump rebates new jersey,New Jersey,NJ,,0,,,,commercial,,4,high,low,42.0,state-rebate
heat pump rebates new mexico,New Mexico,NM,,0,,,,commercial,,4,high,low,42.0,state-rebate
mini split cost new york,New York,NY,New York,0,,,,commercial,,4,high,low,42.0,mini-split-cost
heat pump rebates north carolina,North Carolina,NC,,0,,,,commercial,,4,high,low,42.0,state-rebate
heat pump rebates north dakota,North Dakota,ND,,0,,,,commercial,,4,high,low,42.0,state-rebate
heat pump rebates ohio,Ohio,OH,,0,,,,commercial,,4,high,low,42.0,state-rebate
heat pump rebates oklahoma,Oklahoma,OK,,0,,,,commercial,,4,high,low,42.0,state-rebate
heat pump rebates south carolina,South Carolina,SC,,0,,,,commercial,,4,high,low,42.0,state-rebate
heat pump rebates south dakota,South Dakota,SD,,0,,,,commercial,,4,high,low,42.0,state-rebate
heat pump rebates tennessee,Tennessee,TN,,0,,,,commercial,,4,high,low,42.0,state-rebate
heat pump rebates washington,Washington,WA,,0,,,,commercial,,4,high,low,42.0,state-rebate
heat pump rebates west virginia,West Virginia,WV,,0,,,,commercial,,4,high,low,42.0,state-rebate
heat pump rebates wyoming,Wyoming,WY,,0,,,,commercial,,4,high,low,42.0,state-rebate
mini split cost miami,Miami,,Miami,0,,,,commercial,,4,high,low,42.0,mini-split-cost
mini split cost houston,Houston,,Houston,0,,,,commercial,,4,high,low,42.0,mini-split-cost
mini split cost dallas,Dallas,,Dallas,0,,,,commercial,,4,high,low,42.0,mini-split-cost
mini split cost orlando,Orlando,,Orlando,0,,,,commercial,,4,high,low,42.0,mini-split-cost
mini split cost tampa,Tampa,,Tampa,0,,,,commercial,,4,high,low,42.0,mini-split-cost
mini split cost phoenix,Phoenix,,Phoenix,0,,,,commercial,,4,high,low,42.0,mini-split-cost
mini split cost atlanta,Atlanta,,Atlanta,0,,,,commercial,,4,high,low,42.0,mini-split-cost
mini split cost los angeles,Los Angeles,,Los Angeles,0,,,,commercial,,4,high,low,42.0,mini-split-cost
mini split cost boston,Boston,,Boston,0,,,,commercial,,4,high,low,42.0,mini-split-cost
mini split cost chicago,Chicago,,Chicago,0,,,,commercial,,4,high,low,42.0,mini-split-cost
heat pump rebates boston,Boston,,Boston,0,,,,commercial,,4,high,low,42.0,national-rebate
heat pump rebates portland,Portland,,Portland,0,,,,commercial,,4,high,low,42.0,national-rebate
heat pump rebates minneapolis,Minneapolis,,Minneapolis,0,,,,commercial,,4,high,low,42.0,national-rebate
heat pump rebates chicago,Chicago,,Chicago,0,,,,commercial,,4,high,low,42.0,national-rebate
heat pump rebates los angeles,Los Angeles,,Los Angeles,0,,,,commercial,,4,high,low,42.0,national-rebate
heat pump rebates buffalo,Buffalo,,Buffalo,0,,,,commercial,,4,high,low,42.0,national-rebate
heat pump rebates albany,Albany,,Albany,0,,,,commercial,,4,high,low,42.0,national-rebate
heat pump quotes boston,Boston,,Boston,0,,,,commercial,,4,high,low,42.0,local-installer
heat pump quotes denver,Denver,,Denver,0,,,,commercial,,4,high,low,42.0,local-installer
first energy heat pump rebate,National,,,20,0.72,LOW,,commercial,down -50%,4,low,low,41.9,national-rebate
heat pump annual cost,National,,,10,,MEDIUM,,informational,,4,low,medium,41.9,operating-cost
heat pump vs propane gas furnace,National,,,10,,,,informational,,4,low,medium,41.9,comparison
heat pump energy savings vs gas furnace,National,,,10,,HIGH,,informational,,4,low,medium,41.9,comparison
heat pump vs propane furnace operating costs,National,,,10,,LOW,,informational,,4,low,medium,41.9,comparison
heat pump vs gas furnace in virginia,Virginia,VA,,10,,,,informational,down -100%,4,low,medium,41.9,comparison
boiler vs furnace vs heat pump,National,,,10,,LOW,,informational,,4,low,medium,41.9,comparison
heat pump vs furnace operating costs,National,,,10,,LOW,,informational,,4,low,medium,41.9,comparison
heat pump vs gas furnace in georgia,Georgia,GA,,10,,,,informational,down -100%,4,low,medium,41.9,comparison
heat pump vs furnace vs gas heater,National,,,10,,,,informational,,4,low,medium,41.9,comparison
electric furnace vs heat pump comparison,National,,,10,,,,informational,down -100%,4,low,medium,41.9,comparison
heat pump vs gas furnace reddit,National,,,10,,LOW,,informational,,4,low,medium,41.9,comparison
heat pump vs gas furnace in indiana,Indiana,IN,,10,,,,informational,,4,low,medium,41.9,comparison
heat pump vs propane furnace ontario,National,,,10,,,,informational,down -100%,4,low,medium,41.9,comparison
heat pump btu vs furnace btu,National,,,10,,MEDIUM,,informational,,4,low,medium,41.9,comparison
heat pump air handler vs furnace,National,,,10,,LOW,,informational,down -50%,4,low,medium,41.9,comparison
electric heat pump vs natural gas furnace,National,,,10,,LOW,,informational,,4,low,medium,41.9,comparison
ductless heat pump vs gas furnace,National,,,10,,,,informational,,4,low,medium,41.9,comparison
heat pump vs gas furnace massachusetts,Massachusetts,MA,,10,,LOW,,informational,,4,low,medium,41.9,comparison
heat pump vs furnace energy cost,National,,,10,,HIGH,,informational,,4,low,medium,41.9,comparison
cost of propane furnace vs heat pump,National,,,10,,,,informational,down -100%,4,low,medium,41.9,comparison
heat pump vs gas furnace washington,Washington,WA,,10,,,,informational,down -100%,4,low,medium,41.9,comparison
heat pump vs furnace canada,National,,,10,,,,informational,down -100%,4,low,medium,41.9,comparison
heat pump vs forced air gas furnace,National,,,10,,HIGH,,informational,,4,low,medium,41.9,comparison
cost of heat pump vs air conditioner and furnace,National,,,10,,MEDIUM,,informational,,4,low,medium,41.9,comparison
heat pump vs electric furnace efficiency,National,,,10,,LOW,,informational,,4,low,medium,41.9,comparison
heat pump vs furnace san francisco,National,,,10,,,,informational,down -100%,4,low,medium,41.9,comparison
air source heat pump vs propane furnace,National,,,10,,,,informational,down -100%,4,low,medium,41.9,comparison
heat pump vs conventional furnace,National,,,10,,LOW,,informational,,4,low,medium,41.9,comparison
electric forced air furnace vs heat pump,National,,,10,,LOW,,informational,,4,low,medium,41.9,comparison
heat pump efficiency vs oil furnace,National,,,10,,LOW,,informational,,4,low,medium,41.9,comparison
4-ton geothermal heat pump cost,National,,,50,1.93,HIGH,,commercial,,5,low,low,41.8,related-system
geothermal heat pump system diagram,National,,,40,,LOW,,informational,down -33%,4,low,low,41.8,related-system
2 ton mini split cost,National,,,50,1.58,HIGH,,commercial,up 143%,5,low,low,41.6,mini-split-cost
24 000 btu mini split installation cost,National,,,30,3.06,HIGH,,commercial,up 100%,5,low,low,41.6,mini-split-cost
heat pump system vs gas furnace,National,,,20,2.43,MEDIUM,,informational,up 100%,4,low,medium,41.6,comparison
carrier mini split installation cost,National,,,140,0.06,LOW,,informational,down -52%,8,low,low,41.5,mini-split-cost
mini split ac and heat cost,National,,,140,4.62,HIGH,,informational,down -46%,5,low,low,41.4,mini-split-cost
geothermal heat pump definition,National,,,70,,LOW,30,informational,,4,low,low,41.4,related-system
heat pump vs oil furnace,National,,,140,1.59,LOW,,informational,,4,low,medium,41.3,comparison
geothermal heat pump brands,National,,,50,1.86,MEDIUM,10,navigational,,8,low,low,41.3,related-system
ground heat pump installation cost,National,,,20,2.09,MEDIUM,,informational,down -50%,4,low,medium,41.3,national-cost
mitsubishi mini split air conditioner cost,National,,,20,4.85,HIGH,,informational,up 100%,5,low,low,41.3,mini-split-cost
mini split hvac cost,National,,,90,5.67,HIGH,,informational,down -36%,5,low,low,41.2,mini-split-cost
heat pump vs natural gas cost,National,,,30,4.71,LOW,,informational,down -67%,5,low,medium,41.2,comparison
heat pump vs electric heat cost,National,,,30,0.03,MEDIUM,,informational,,8,low,medium,41.2,comparison
mini split installation cost reddit,National,,,30,,MEDIUM,,informational,down -50%,4,low,low,41.2,mini-split-cost
heat pump vs furnace texas,Texas,TX,,0,,,,commercial,,4,low,medium,41.2,comparison
heat pump vs furnace alabama,Alabama,AL,,0,,,,commercial,,4,low,medium,41.2,comparison
heat pump vs furnace alaska,Alaska,AK,,0,,,,commercial,,4,low,medium,41.2,comparison
heat pump vs furnace arkansas,Arkansas,AR,,0,,,,commercial,,4,low,medium,41.2,comparison
heat pump vs furnace connecticut,Connecticut,CT,,0,,,,commercial,,4,low,medium,41.2,comparison
heat pump vs furnace delaware,Delaware,DE,,0,,,,commercial,,4,low,medium,41.2,comparison
heat pump vs furnace florida,Florida,FL,,0,,,,commercial,,4,low,medium,41.2,comparison
heat pump vs furnace georgia,Georgia,GA,,0,,,,commercial,,4,low,medium,41.2,comparison
heat pump vs furnace hawaii,Hawaii,HI,,0,,,,commercial,,4,low,medium,41.2,comparison
heat pump vs furnace idaho,Idaho,ID,,0,,,,commercial,,4,low,medium,41.2,comparison
heat pump vs furnace illinois,Illinois,IL,,0,,,,commercial,,4,low,medium,41.2,comparison
heat pump vs furnace indiana,Indiana,IN,,0,,,,commercial,,4,low,medium,41.2,comparison
heat pump vs furnace iowa,Iowa,IA,,0,,,,commercial,,4,low,medium,41.2,comparison
heat pump vs furnace kansas,Kansas,KS,,0,,,,commercial,,4,low,medium,41.2,comparison
heat pump vs furnace kentucky,Kentucky,KY,,0,,,,commercial,,4,low,medium,41.2,comparison
heat pump vs furnace louisiana,Louisiana,LA,,0,,,,commercial,,4,low,medium,41.2,comparison
heat pump vs furnace maine,Maine,ME,,0,,,,commercial,,4,low,medium,41.2,comparison
heat pump vs furnace maryland,Maryland,MD,,0,,,,commercial,,4,low,medium,41.2,comparison
heat pump vs furnace massachusetts,Massachusetts,MA,,0,,,,commercial,,4,low,medium,41.2,comparison
heat pump vs furnace minnesota,Minnesota,MN,,0,,,,commercial,,4,low,medium,41.2,comparison
heat pump vs furnace mississippi,Mississippi,MS,,0,,,,commercial,,4,low,medium,41.2,comparison
heat pump vs furnace missouri,Missouri,MO,,0,,,,commercial,,4,low,medium,41.2,comparison
heat pump vs furnace montana,Montana,MT,,0,,,,commercial,,4,low,medium,41.2,comparison
heat pump vs furnace nebraska,Nebraska,NE,,0,,,,commercial,,4,low,medium,41.2,comparison
heat pump vs furnace nevada,Nevada,NV,,0,,,,commercial,,4,low,medium,41.2,comparison
heat pump vs furnace new hampshire,New Hampshire,NH,,0,,,,commercial,,4,low,medium,41.2,comparison
heat pump vs furnace new jersey,New Jersey,NJ,,0,,,,commercial,,4,low,medium,41.2,comparison
heat pump vs furnace new mexico,New Mexico,NM,,0,,,,commercial,,4,low,medium,41.2,comparison
heat pump vs furnace north dakota,North Dakota,ND,,0,,,,commercial,,4,low,medium,41.2,comparison
heat pump vs furnace ohio,Ohio,OH,,0,,,,commercial,,4,low,medium,41.2,comparison
heat pump vs furnace oklahoma,Oklahoma,OK,,0,,,,commercial,,4,low,medium,41.2,comparison
heat pump vs furnace oregon,Oregon,OR,,0,,,,commercial,,4,low,medium,41.2,comparison
heat pump vs furnace pennsylvania,Pennsylvania,PA,,0,,,,commercial,,4,low,medium,41.2,comparison
heat pump vs furnace rhode island,Rhode Island,RI,,0,,,,commercial,,4,low,medium,41.2,comparison
heat pump vs furnace south carolina,South Carolina,SC,,0,,,,commercial,,4,low,medium,41.2,comparison
heat pump vs furnace south dakota,South Dakota,SD,,0,,,,commercial,,4,low,medium,41.2,comparison
heat pump vs furnace tennessee,Tennessee,TN,,0,,,,commercial,,4,low,medium,41.2,comparison
heat pump vs furnace vermont,Vermont,VT,,0,,,,commercial,,4,low,medium,41.2,comparison
heat pump vs furnace virginia,Virginia,VA,,0,,,,commercial,,4,low,medium,41.2,comparison
heat pump vs furnace washington,Washington,WA,,0,,,,commercial,,4,low,medium,41.2,comparison
heat pump vs furnace west virginia,West Virginia,WV,,0,,,,commercial,,4,low,medium,41.2,comparison
heat pump vs furnace wisconsin,Wisconsin,WI,,0,,,,commercial,,4,low,medium,41.2,comparison
heat pump vs furnace wyoming,Wyoming,WY,,0,,,,commercial,,4,low,medium,41.2,comparison
heat pump vs oil maine,Maine,ME,,0,,,,commercial,,4,low,medium,41.2,comparison
heat pump vs oil vermont,Vermont,VT,,0,,,,commercial,,4,low,medium,41.2,comparison
heat pump vs oil massachusetts,Massachusetts,MA,,0,,,,commercial,,4,low,medium,41.2,comparison
heat pump vs propane maine,Maine,ME,,0,,,,commercial,,4,low,medium,41.2,comparison
heat pump cost bangor,National,,,0,,,,commercial,,4,low,medium,41.2,national-cost
geothermal heat pump types,National,,,50,0.14,LOW,12,informational,down -44%,5,low,low,41.1,related-system
heat pump blower motor replacement cost,National,,,40,,LOW,,informational,,4,low,medium,41.0,national-cost
how much does a compressor cost for a heat pump,National,,,40,1.98,MEDIUM,,informational,,6,low,medium,41.0,national-cost
residential heat pump vs furnace,National,,,10,3.44,HIGH,,informational,,4,low,medium,40.9,comparison
heat pump cost vermont,Vermont,VT,,10,8.79,MEDIUM,,informational,,4,high,medium,40.9,geo-cost
mini split monthly cost,National,,,20,,MEDIUM,,informational,down -25%,8,low,low,40.8,mini-split-cost
3 ton mini split cost,National,,,30,1.76,HIGH,,commercial,up 75%,5,low,low,40.7,mini-split-cost
tax rebate for heat pump,National,,,170,4.56,LOW,54,informational,down -78%,5,low,low,40.5,national-rebate
heat pump defrost board replacement cost,National,,,30,,LOW,,informational,,4,low,medium,40.4,national-cost
how much to install a geothermal heat pump,National,,,70,,LOW,,informational,down -29%,5,low,low,40.3,related-system
heat pump vs hvac cost,National,,,40,3.95,MEDIUM,,informational,up 25%,4,low,medium,40.3,comparison
mitsubishi mini split ac installation cost,National,,,30,7.13,LOW,,informational,up 200%,5,low,low,40.0,mini-split-cost
geothermal heat pump service,National,,,30,,MEDIUM,,navigational,down -80%,7,low,low,40.0,related-system
12000 btu mini split cost,National,,,40,0.96,HIGH,,commercial,,4,low,low,39.8,mini-split-cost
air source heat pump vs furnace,National,,,10,1.69,MEDIUM,,informational,,4,low,medium,39.8,comparison
how much does a ductless mini split cost,National,,,110,2.64,HIGH,,informational,up 53%,5,low,low,39.7,mini-split-cost
average cost of ductless mini split,National,,,20,4.52,HIGH,48,informational,up 50%,4,low,low,39.7,mini-split-cost
geothermal heat pump systems rely on,National,,,50,,LOW,,informational,down -29%,5,low,low,39.6,related-system
how deep geothermal heat pump,National,,,30,,LOW,,informational,down -33%,6,low,low,39.6,related-system
geothermal heat pump life expectancy,National,,,30,,LOW,,informational,,6,low,low,39.6,related-system
heat pump expansion valve replacement cost,National,,,20,,HIGH,,informational,down -75%,4,low,medium,39.6,national-cost
how much does heat pump cost to run,National,,,50,2.02,LOW,,informational,,4,low,medium,39.5,national-cost
water heat pump cost,National,,,40,2.7,HIGH,,informational,down -20%,4,low,medium,39.5,national-cost
cost to run heat pump vs gas furnace,National,,,40,2.7,LOW,,informational,,4,low,medium,39.5,comparison
mini split cost massachusetts,Massachusetts,MA,,30,2.39,,,informational,down -50%,4,low,low,39.5,mini-split-cost
geothermal heat pump design,National,,,70,2.09,LOW,,informational,,6,low,low,39.4,related-system
geothermal heat pump system design,National,,,70,2.09,LOW,,informational,,6,low,low,39.4,related-system
energy efficient heat pump rebate,National,,,30,,LOW,62,commercial,down -94%,4,low,low,39.4,national-rebate
ductless mini split ac cost,National,,,90,2.72,HIGH,,informational,up 50%,5,low,low,39.3,mini-split-cost
how much cost to install a mini split,National,,,20,1.01,HIGH,,informational,down -71%,9,low,low,39.3,mini-split-cost
how much does it cost to charge a mini split,National,,,40,,LOW,,informational,,5,low,low,39.2,mini-split-cost
how much does it cost to install geothermal heat pump,National,,,30,1.32,LOW,,informational,down -33%,8,low,low,39.2,related-system
heat pump vs furnace ontario,National,,,10,0.84,HIGH,,informational,,4,low,medium,39.2,comparison
home heat pump vs furnace,National,,,10,0.73,MEDIUM,,informational,,4,low,medium,39.2,comparison
heat pump water heater cost installed,National,,,70,4.75,HIGH,,informational,up 67%,4,low,low,39.1,related-system
mini split for garage cost,National,,,90,2.16,HIGH,,informational,up 24%,5,low,low,39.0,mini-split-cost
how much does a mini split system cost to install,National,,,20,2.73,HIGH,,informational,up 100%,4,low,low,39.0,mini-split-cost
mini split electric cost,National,,,50,2.3,MEDIUM,,informational,,6,low,low,38.9,mini-split-cost
cost to add mini split,National,,,30,,MEDIUM,,informational,up 33%,5,low,low,38.6,mini-split-cost
mini split cost alabama,Alabama,AL,,0,,,,commercial,,4,low,low,38.4,mini-split-cost
mini split cost alaska,Alaska,AK,,0,,,,commercial,,4,low,low,38.4,mini-split-cost
mini split cost arizona,Arizona,AZ,,0,,,,commercial,,4,low,low,38.4,mini-split-cost
mini split cost arkansas,Arkansas,AR,,0,,,,commercial,,4,low,low,38.4,mini-split-cost
mini split cost california,California,CA,,0,,,,commercial,,4,low,low,38.4,mini-split-cost
mini split cost colorado,Colorado,CO,,0,,,,commercial,,4,low,low,38.4,mini-split-cost
mini split cost connecticut,Connecticut,CT,,0,,,,commercial,,4,low,low,38.4,mini-split-cost
mini split cost delaware,Delaware,DE,,0,,,,commercial,,4,low,low,38.4,mini-split-cost
mini split cost florida,Florida,FL,,0,,,,commercial,,4,low,low,38.4,mini-split-cost
mini split cost georgia,Georgia,GA,,0,,,,commercial,,4,low,low,38.4,mini-split-cost
mini split cost hawaii,Hawaii,HI,,0,,,,commercial,,4,low,low,38.4,mini-split-cost
mini split cost idaho,Idaho,ID,,0,,,,commercial,,4,low,low,38.4,mini-split-cost
mini split cost illinois,Illinois,IL,,0,,,,commercial,,4,low,low,38.4,mini-split-cost
mini split cost indiana,Indiana,IN,,0,,,,commercial,,4,low,low,38.4,mini-split-cost
mini split cost iowa,Iowa,IA,,0,,,,commercial,,4,low,low,38.4,mini-split-cost
mini split cost kansas,Kansas,KS,,0,,,,commercial,,4,low,low,38.4,mini-split-cost
mini split cost kentucky,Kentucky,KY,,0,,,,commercial,,4,low,low,38.4,mini-split-cost
mini split cost louisiana,Louisiana,LA,,0,,,,commercial,,4,low,low,38.4,mini-split-cost
mini split cost maine,Maine,ME,,0,,,,commercial,,4,low,low,38.4,mini-split-cost
mini split cost maryland,Maryland,MD,,0,,,,commercial,,4,low,low,38.4,mini-split-cost
mini split cost michigan,Michigan,MI,,0,,,,commercial,,4,low,low,38.4,mini-split-cost
mini split cost minnesota,Minnesota,MN,,0,,,,commercial,,4,low,low,38.4,mini-split-cost
mini split cost mississippi,Mississippi,MS,,0,,,,commercial,,4,low,low,38.4,mini-split-cost
mini split cost missouri,Missouri,MO,,0,,,,commercial,,4,low,low,38.4,mini-split-cost
mini split cost montana,Montana,MT,,0,,,,commercial,,4,low,low,38.4,mini-split-cost
mini split cost nebraska,Nebraska,NE,,0,,,,commercial,,4,low,low,38.4,mini-split-cost
mini split cost nevada,Nevada,NV,,0,,,,commercial,,4,low,low,38.4,mini-split-cost
mini split cost new hampshire,New Hampshire,NH,,0,,,,commercial,,4,low,low,38.4,mini-split-cost
mini split cost new jersey,New Jersey,NJ,,0,,,,commercial,,4,low,low,38.4,mini-split-cost
mini split cost new mexico,New Mexico,NM,,0,,,,commercial,,4,low,low,38.4,mini-split-cost
mini split cost north carolina,North Carolina,NC,,0,,,,commercial,,4,low,low,38.4,mini-split-cost
mini split cost north dakota,North Dakota,ND,,0,,,,commercial,,4,low,low,38.4,mini-split-cost
mini split cost ohio,Ohio,OH,,0,,,,commercial,,4,low,low,38.4,mini-split-cost
mini split cost oklahoma,Oklahoma,OK,,0,,,,commercial,,4,low,low,38.4,mini-split-cost
mini split cost oregon,Oregon,OR,,0,,,,commercial,,4,low,low,38.4,mini-split-cost
mini split cost pennsylvania,Pennsylvania,PA,,0,,,,commercial,,4,low,low,38.4,mini-split-cost
mini split cost rhode island,Rhode Island,RI,,0,,,,commercial,,4,low,low,38.4,mini-split-cost
mini split cost south carolina,South Carolina,SC,,0,,,,commercial,,4,low,low,38.4,mini-split-cost
mini split cost south dakota,South Dakota,SD,,0,,,,commercial,,4,low,low,38.4,mini-split-cost
mini split cost tennessee,Tennessee,TN,,0,,,,commercial,,4,low,low,38.4,mini-split-cost
mini split cost texas,Texas,TX,,0,,,,commercial,,4,low,low,38.4,mini-split-cost
mini split cost utah,Utah,UT,,0,,,,commercial,,4,low,low,38.4,mini-split-cost
mini split cost vermont,Vermont,VT,,0,,,,commercial,,4,low,low,38.4,mini-split-cost
mini split cost virginia,Virginia,VA,,0,,,,commercial,,4,low,low,38.4,mini-split-cost
mini split cost washington,Washington,WA,,0,,,,commercial,,4,low,low,38.4,mini-split-cost
mini split cost west virginia,West Virginia,WV,,0,,,,commercial,,4,low,low,38.4,mini-split-cost
mini split cost wisconsin,Wisconsin,WI,,0,,,,commercial,,4,low,low,38.4,mini-split-cost
mini split cost wyoming,Wyoming,WY,,0,,,,commercial,,4,low,low,38.4,mini-split-cost
mini split vs baseboard heat cost,National,,,30,0.15,LOW,,informational,down -50%,5,low,medium,38.3,comparison
propane furnace vs electric heat pump,National,,,30,0.06,LOW,,informational,up 100%,5,low,medium,38.2,comparison
mini split labor cost,National,,,20,0.1,MEDIUM,,informational,,8,low,low,37.7,mini-split-cost
mitsubishi mini split ac cost,National,,,20,4.85,HIGH,,informational,up 100%,5,low,low,37.7,mini-split-cost
heat pump fan motor cost,National,,,30,0.34,MEDIUM,,informational,down -33%,4,low,medium,37.4,national-cost
federal tax rebate for heat pump,National,,,70,4.72,LOW,58,informational,down -44%,4,low,low,37.3,national-rebate
heat pump vs gas furnace operating costs,National,,,30,0.07,MEDIUM,,informational,down -50%,4,low,medium,37.2,comparison
heat pump vs furnace arizona,Arizona,AZ,,0,,,,informational,,4,low,medium,37.0,comparison
heat pump vs furnace michigan,Michigan,MI,,0,,,,informational,,4,low,medium,37.0,comparison
heat pump vs furnace utah,Utah,UT,,0,,,,informational,,4,low,medium,37.0,comparison
heat pump vs gas massachusetts,Massachusetts,MA,,0,,,,informational,,4,low,medium,37.0,comparison
cost to run mini split in garage,National,,,20,,LOW,,informational,down -50%,4,low,low,36.8,mini-split-cost
cost to charge mini split,National,,,20,,LOW,,informational,down -25%,4,low,low,36.8,mini-split-cost
mini split energy cost,National,,,30,0.47,MEDIUM,,informational,up 133%,6,low,low,36.7,mini-split-cost
heat pump installation cost ohio,Ohio,OH,,20,,LOW,,commercial,,4,high,medium,36.0,geo-cost
heat pump cost minnesota,Minnesota,MN,,10,,HIGH,,commercial,,4,high,medium,34.7,geo-cost
heat pump installation cost minnesota,Minnesota,MN,,10,,,,commercial,,4,high,medium,34.7,geo-cost
heat pump installation cost oregon,Oregon,OR,,10,,LOW,,commercial,,4,high,medium,34.7,geo-cost
heat pump cost salt lake city,Salt Lake City,,Salt Lake City,10,,,,commercial,,4,high,medium,34.7,geo-cost
heat pump installation cost denver,Denver,,Denver,10,,LOW,,commercial,,4,high,medium,34.7,geo-cost
ira heat pump rebate,National,,,10,,MEDIUM,65,informational,down -80%,5,low,low,33.7,national-rebate
heat pump cost oregon,Oregon,OR,,20,3.32,HIGH,,informational,,4,high,medium,30.7,geo-cost
heat pump cost california,California,CA,,10,,MEDIUM,,informational,down -50%,4,high,medium,30.5,geo-cost
heat pump cost alabama,Alabama,AL,,0,,,,commercial,,4,high,medium,29.8,geo-cost
heat pump installation cost alabama,Alabama,AL,,0,,,,commercial,,4,high,medium,29.8,geo-cost
heat pump cost alaska,Alaska,AK,,0,,,,commercial,,4,high,medium,29.8,geo-cost
heat pump installation cost alaska,Alaska,AK,,0,,,,commercial,,4,high,medium,29.8,geo-cost
heat pump cost arizona,Arizona,AZ,,0,,,,commercial,,4,high,medium,29.8,geo-cost
heat pump installation cost arizona,Arizona,AZ,,0,,,,commercial,,4,high,medium,29.8,geo-cost
heat pump cost arkansas,Arkansas,AR,,0,,,,commercial,,4,high,medium,29.8,geo-cost
heat pump installation cost arkansas,Arkansas,AR,,0,,,,commercial,,4,high,medium,29.8,geo-cost
heat pump cost connecticut,Connecticut,CT,,0,,,,commercial,,4,high,medium,29.8,geo-cost
heat pump installation cost connecticut,Connecticut,CT,,0,,,,commercial,,4,high,medium,29.8,geo-cost
heat pump cost delaware,Delaware,DE,,0,,,,commercial,,4,high,medium,29.8,geo-cost
heat pump installation cost delaware,Delaware,DE,,0,,,,commercial,,4,high,medium,29.8,geo-cost
heat pump cost florida,Florida,FL,,0,,,,commercial,,4,high,medium,29.8,geo-cost
heat pump cost georgia,Georgia,GA,,0,,,,commercial,,4,high,medium,29.8,geo-cost
heat pump installation cost georgia,Georgia,GA,,0,,,,commercial,,4,high,medium,29.8,geo-cost
heat pump cost hawaii,Hawaii,HI,,0,,,,commercial,,4,high,medium,29.8,geo-cost
heat pump installation cost hawaii,Hawaii,HI,,0,,,,commercial,,4,high,medium,29.8,geo-cost
heat pump cost idaho,Idaho,ID,,0,,,,commercial,,4,high,medium,29.8,geo-cost
heat pump installation cost idaho,Idaho,ID,,0,,,,commercial,,4,high,medium,29.8,geo-cost
heat pump cost illinois,Illinois,IL,,0,,,,commercial,,4,high,medium,29.8,geo-cost
heat pump installation cost illinois,Illinois,IL,,0,,,,commercial,,4,high,medium,29.8,geo-cost
heat pump cost indiana,Indiana,IN,,0,,,,commercial,,4,high,medium,29.8,geo-cost
heat pump installation cost indiana,Indiana,IN,,0,,,,commercial,,4,high,medium,29.8,geo-cost
heat pump cost iowa,Iowa,IA,,0,,,,commercial,,4,high,medium,29.8,geo-cost
heat pump installation cost iowa,Iowa,IA,,0,,,,commercial,,4,high,medium,29.8,geo-cost
heat pump cost kansas,Kansas,KS,,0,,,,commercial,,4,high,medium,29.8,geo-cost
heat pump installation cost kansas,Kansas,KS,,0,,,,commercial,,4,high,medium,29.8,geo-cost
heat pump cost kentucky,Kentucky,KY,,0,,,,commercial,,4,high,medium,29.8,geo-cost
heat pump installation cost kentucky,Kentucky,KY,,0,,,,commercial,,4,high,medium,29.8,geo-cost
heat pump cost louisiana,Louisiana,LA,,0,,,,commercial,,4,high,medium,29.8,geo-cost
heat pump installation cost louisiana,Louisiana,LA,,0,,,,commercial,,4,high,medium,29.8,geo-cost
heat pump cost maryland,Maryland,MD,,0,,,,commercial,,4,high,medium,29.8,geo-cost
heat pump installation cost maryland,Maryland,MD,,0,,,,commercial,,4,high,medium,29.8,geo-cost
heat pump cost michigan,Michigan,MI,,0,,,,commercial,,4,high,medium,29.8,geo-cost
heat pump installation cost michigan,Michigan,MI,,0,,,,commercial,,4,high,medium,29.8,geo-cost
heat pump cost mississippi,Mississippi,MS,,0,,,,commercial,,4,high,medium,29.8,geo-cost
heat pump installation cost mississippi,Mississippi,MS,,0,,,,commercial,,4,high,medium,29.8,geo-cost
heat pump cost missouri,Missouri,MO,,0,,,,commercial,,4,high,medium,29.8,geo-cost
heat pump installation cost missouri,Missouri,MO,,0,,,,commercial,,4,high,medium,29.8,geo-cost
heat pump cost montana,Montana,MT,,0,,,,commercial,,4,high,medium,29.8,geo-cost
heat pump installation cost montana,Montana,MT,,0,,,,commercial,,4,high,medium,29.8,geo-cost
heat pump cost nebraska,Nebraska,NE,,0,,,,commercial,,4,high,medium,29.8,geo-cost
heat pump installation cost nebraska,Nebraska,NE,,0,,,,commercial,,4,high,medium,29.8,geo-cost
heat pump cost nevada,Nevada,NV,,0,,,,commercial,,4,high,medium,29.8,geo-cost
heat pump installation cost nevada,Nevada,NV,,0,,,,commercial,,4,high,medium,29.8,geo-cost
heat pump cost new hampshire,New Hampshire,NH,,0,,,,commercial,,4,high,medium,29.8,geo-cost
heat pump installation cost new hampshire,New Hampshire,NH,,0,,,,commercial,,4,high,medium,29.8,geo-cost
heat pump cost new jersey,New Jersey,NJ,,0,,,,commercial,,4,high,medium,29.8,geo-cost
heat pump installation cost new jersey,New Jersey,NJ,,0,,,,commercial,,4,high,medium,29.8,geo-cost
heat pump cost new mexico,New Mexico,NM,,0,,,,commercial,,4,high,medium,29.8,geo-cost
heat pump installation cost new mexico,New Mexico,NM,,0,,,,commercial,,4,high,medium,29.8,geo-cost
heat pump cost new york,New York,NY,New York,0,,,,commercial,,4,high,medium,29.8,geo-cost
heat pump installation cost new york,New York,NY,New York,0,,,,commercial,,4,high,medium,29.8,geo-cost
heat pump cost north carolina,North Carolina,NC,,0,,,,commercial,,4,high,medium,29.8,geo-cost
heat pump installation cost north carolina,North Carolina,NC,,0,,,,commercial,,4,high,medium,29.8,geo-cost
heat pump cost north dakota,North Dakota,ND,,0,,,,commercial,,4,high,medium,29.8,geo-cost
heat pump installation cost north dakota,North Dakota,ND,,0,,,,commercial,,4,high,medium,29.8,geo-cost
heat pump cost ohio,Ohio,OH,,0,,,,commercial,,4,high,medium,29.8,geo-cost
heat pump cost oklahoma,Oklahoma,OK,,0,,,,commercial,,4,high,medium,29.8,geo-cost
heat pump installation cost oklahoma,Oklahoma,OK,,0,,,,commercial,,4,high,medium,29.8,geo-cost
heat pump cost pennsylvania,Pennsylvania,PA,,0,,,,commercial,,4,high,medium,29.8,geo-cost
heat pump installation cost pennsylvania,Pennsylvania,PA,,0,,,,commercial,,4,high,medium,29.8,geo-cost
heat pump cost rhode island,Rhode Island,RI,,0,,,,commercial,,4,high,medium,29.8,geo-cost
heat pump installation cost rhode island,Rhode Island,RI,,0,,,,commercial,,4,high,medium,29.8,geo-cost
heat pump cost south carolina,South Carolina,SC,,0,,,,commercial,,4,high,medium,29.8,geo-cost
heat pump installation cost south carolina,South Carolina,SC,,0,,,,commercial,,4,high,medium,29.8,geo-cost
heat pump cost south dakota,South Dakota,SD,,0,,,,commercial,,4,high,medium,29.8,geo-cost
heat pump installation cost south dakota,South Dakota,SD,,0,,,,commercial,,4,high,medium,29.8,geo-cost
heat pump cost tennessee,Tennessee,TN,,0,,,,commercial,,4,high,medium,29.8,geo-cost
heat pump installation cost tennessee,Tennessee,TN,,0,,,,commercial,,4,high,medium,29.8,geo-cost
heat pump cost texas,Texas,TX,,0,,,,commercial,,4,high,medium,29.8,geo-cost
heat pump installation cost texas,Texas,TX,,0,,,,commercial,,4,high,medium,29.8,geo-cost
heat pump cost utah,Utah,UT,,0,,,,commercial,,4,high,medium,29.8,geo-cost
heat pump installation cost utah,Utah,UT,,0,,,,commercial,,4,high,medium,29.8,geo-cost
heat pump installation cost vermont,Vermont,VT,,0,,,,commercial,,4,high,medium,29.8,geo-cost
heat pump cost virginia,Virginia,VA,,0,,,,commercial,,4,high,medium,29.8,geo-cost
heat pump installation cost virginia,Virginia,VA,,0,,,,commercial,,4,high,medium,29.8,geo-cost
heat pump cost washington,Washington,WA,,0,,,,commercial,,4,high,medium,29.8,geo-cost
heat pump installation cost washington,Washington,WA,,0,,,,commercial,,4,high,medium,29.8,geo-cost
heat pump cost west virginia,West Virginia,WV,,0,,,,commercial,,4,high,medium,29.8,geo-cost
heat pump installation cost west virginia,West Virginia,WV,,0,,,,commercial,,4,high,medium,29.8,geo-cost
heat pump cost wisconsin,Wisconsin,WI,,0,,,,commercial,,4,high,medium,29.8,geo-cost
heat pump installation cost wisconsin,Wisconsin,WI,,0,,,,commercial,,4,high,medium,29.8,geo-cost
heat pump cost wyoming,Wyoming,WY,,0,,,,commercial,,4,high,medium,29.8,geo-cost
heat pump installation cost wyoming,Wyoming,WY,,0,,,,commercial,,4,high,medium,29.8,geo-cost
heat pump cost boston,Boston,,Boston,0,,,,commercial,,4,high,medium,29.8,geo-cost
heat pump cost chicago,Chicago,,Chicago,0,,,,commercial,,4,high,medium,29.8,geo-cost
heat pump cost los angeles,Los Angeles,,Los Angeles,0,,,,commercial,,4,high,medium,29.8,geo-cost
heat pump cost houston,Houston,,Houston,0,,,,commercial,,4,high,medium,29.8,geo-cost
heat pump cost dallas,Dallas,,Dallas,0,,,,commercial,,4,high,medium,29.8,geo-cost
heat pump cost portland,Portland,,Portland,0,,,,commercial,,4,high,medium,29.8,geo-cost
heat pump cost minneapolis,Minneapolis,,Minneapolis,0,,,,commercial,,4,high,medium,29.8,geo-cost
heat pump cost philadelphia,Philadelphia,,Philadelphia,0,,,,commercial,,4,high,medium,29.8,geo-cost
heat pump cost detroit,Detroit,,Detroit,0,,,,commercial,,4,high,medium,29.8,geo-cost
heat pump cost atlanta,Atlanta,,Atlanta,0,,,,commercial,,4,high,medium,29.8,geo-cost
heat pump cost miami,Miami,,Miami,0,,,,commercial,,4,high,medium,29.8,geo-cost
heat pump cost phoenix,Phoenix,,Phoenix,0,,,,commercial,,4,high,medium,29.8,geo-cost
heat pump cost austin,Austin,,Austin,0,,,,commercial,,4,high,medium,29.8,geo-cost
heat pump cost nashville,Nashville,,Nashville,0,,,,commercial,,4,high,medium,29.8,geo-cost
heat pump cost charlotte,Charlotte,,Charlotte,0,,,,commercial,,4,high,medium,29.8,geo-cost
heat pump cost columbus,Columbus,,Columbus,0,,,,commercial,,4,high,medium,29.8,geo-cost
heat pump cost cleveland,Cleveland,,Cleveland,0,,,,commercial,,4,high,medium,29.8,geo-cost
heat pump cost pittsburgh,Pittsburgh,,Pittsburgh,0,,,,commercial,,4,high,medium,29.8,geo-cost
heat pump cost buffalo,Buffalo,,Buffalo,0,,,,commercial,,4,high,medium,29.8,geo-cost
heat pump cost albany,Albany,,Albany,0,,,,commercial,,4,high,medium,29.8,geo-cost
heat pump cost rochester,Rochester,,Rochester,0,,,,commercial,,4,high,medium,29.8,geo-cost
heat pump cost syracuse,Syracuse,,Syracuse,0,,,,commercial,,4,high,medium,29.8,geo-cost
heat pump cost worcester,Worcester,,Worcester,0,,,,commercial,,4,high,medium,29.8,geo-cost
heat pump cost providence,Providence,,Providence,0,,,,commercial,,4,high,medium,29.8,geo-cost
heat pump cost hartford,Hartford,,Hartford,0,,,,commercial,,4,high,medium,29.8,geo-cost
heat pump cost burlington,Burlington,,Burlington,0,,,,commercial,,4,high,medium,29.8,geo-cost
heat pump cost manchester,Manchester,,Manchester,0,,,,commercial,,4,high,medium,29.8,geo-cost
heat pump cost portland maine,Maine,ME,Portland,0,,,,commercial,,4,high,medium,29.8,geo-cost
heat pump cost anchorage,Anchorage,,Anchorage,0,,,,commercial,,4,high,medium,29.8,geo-cost
heat pump cost honolulu,Honolulu,,Honolulu,0,,,,commercial,,4,high,medium,29.8,geo-cost
heat pump cost madison,Madison,,Madison,0,,,,commercial,,4,high,medium,29.8,geo-cost
heat pump cost milwaukee,Milwaukee,,Milwaukee,0,,,,commercial,,4,high,medium,29.8,geo-cost
heat pump cost grand rapids,Grand Rapids,,Grand Rapids,0,,,,commercial,,4,high,medium,29.8,geo-cost
heat pump cost asheville,Asheville,,Asheville,0,,,,commercial,,4,high,medium,29.8,geo-cost
heat pump cost boulder,Boulder,,Boulder,0,,,,commercial,,4,high,medium,29.8,geo-cost
heat pump cost cambridge,Cambridge,,Cambridge,0,,,,commercial,,4,high,medium,29.8,geo-cost
heat pump cost newark,Newark,,Newark,0,,,,commercial,,4,high,medium,29.8,geo-cost
heat pump cost baltimore,Baltimore,,Baltimore,0,,,,commercial,,4,high,medium,29.8,geo-cost
heat pump cost washington dc,Washington,WA,Washington Dc,0,,,,commercial,,4,high,medium,29.8,geo-cost
heat pump installation cost boston,Boston,,Boston,0,,,,commercial,,4,high,medium,29.8,geo-cost
heat pump installation cost chicago,Chicago,,Chicago,0,,,,commercial,,4,high,medium,29.8,geo-cost
heat pump installation cost dallas,Dallas,,Dallas,0,,,,commercial,,4,high,medium,29.8,geo-cost
heat pump cost new york state,New York,NY,New York,0,,,,commercial,,4,high,medium,29.8,geo-cost
